#OTU ID,Domain,Phylum,Class,Order,Family,Genus,Species
MH860044.1,k__Eukaryota;p__Ascomycota;c__sordariomyceta;o__Helotiales;f__Sclerotiniaceae;g__Botrytis;s__Botrytis_cinerea
DQ885385.1,k__Eukaryota;p__Oomycota;c__Stramenopiles;o__Peronosporales;f__Peronosporaceae;g__Peronospora;s__Peronospora_destructor
MH855943.1,k__Eukaryota;p__Ascomycota;c__dothideomyceta;o__Pleosporales;f__Didymellaceae;g__Epicoccum;s__Epicoccum_nigrum
KU850565.1,k__Eukaryota;p__Ascomycota;c__dothideomyceta;o__Pleosporales;f__Pleosporaceae;g__Stemphylium;s__Stemphylium_vesicarium
MH856176.1,k__Eukaryota;p__Ascomycota;c__sordariomyceta;o__Helotiales;f__Sclerotiniaceae;g__Botrytis;s__Botrytis_squamosa
EU049216.1,k__Eukaryota;p__Oomycota;c__Stramenopiles;o__Peronosporales;f__Peronosporaceae;g__Hyaloperonospora;s__Hyaloperonospora_brassicae
MH854739.1,k__Eukaryota;p__Ascomycota;c__sordariomyceta;o__Helotiales;f__Sclerotiniaceae;g__Botrytis;s__Botrytis_byssoidea
MH856435.1,k__Eukaryota;p__Ascomycota;c__sordariomyceta;o__Helotiales;f__Sclerotiniaceae;g__Botrytis;s__Botrytis_porri
JQ936290.1,k__Eukaryota;p__Ascomycota;c__dothideomyceta;o__Pleosporales;f__Pleosporaceae;g__Stemphylium;s__Stemphylium_solani
KU850546.1,k__Eukaryota;p__Ascomycota;c__dothideomyceta;o__Pleosporales;f__Pleosporaceae;g__Stemphylium;s__Stemphylium_eturmiunum
KY883819.1,k__Eukaryota;p__Ascomycota;c__dothideomyceta;o__Pleosporales;f__Pleosporaceae;g__Stemphylium;s__Stemphylium_triglochinicola
GU237762.1,k__Eukaryota;p__Ascomycota;c__dothideomyceta;o__Pleosporales;f__Didymellaceae;g__Paraboeremia;s__Paraboeremia_selaginellae
MG865574.1,k__Eukaryota;p__Oomycota;c__Stramenopiles;o__Peronosporales;f__Peronosporaceae;g__Phytophthora;s__Phytophthora_pseudosyringae
KY703619.1,k__Eukaryota;p__Ascomycota;c__dothideomyceta;o__Pleosporales;f__Didymellaceae;g__Epicoccum;s__Epicoccum_thailandicum
FJ427049.1,k__Eukaryota;p__Ascomycota;c__dothideomyceta;o__Pleosporales;f__Didymellaceae;g__Epicoccum;s__Epicoccum_pimprinum
MN944491.1,k__Eukaryota;p__Ascomycota;c__sordariomyceta;o__Helotiales;f__Sclerotiniaceae;g__Sclerotinia;s__Sclerotinia_trifoliorum
KR632862.1,k__Eukaryota;p__Oomycota;c__Stramenopiles;o__Peronosporales;f__Peronosporaceae;g__Phytophthora;s__Phytophthora_urerae
KC584238.1,k__Eukaryota;p__Ascomycota;c__dothideomyceta;o__Pleosporales;f__Pleosporaceae;g__Stemphylium;s__Stemphylium_botryosum
LC228670.1,k__Eukaryota;p__Ascomycota;c__sordariomyceta;o__Helotiales;f__Sclerotiniaceae;g__Nervostroma;s__Nervostroma_depraedans
MH656752.1,k__Eukaryota;p__Ascomycota;c__dothideomyceta;o__Pleosporales;f__Didymellaceae;g__Ascochyta;s__Ascochyta_herbicola
KY979755.1,k__Eukaryota;p__Ascomycota;c__dothideomyceta;o__Pleosporales;f__Didymellaceae;g__Pseudopeyronellaea;s__Pseudopeyronellaea_eucalypti
MG386056.1,k__Eukaryota;p__Ascomycota;c__dothideomyceta;o__Pleosporales;f__Didymellaceae;g__Nothophoma;s__Nothophoma_acaciae
MW633475.1,k__Eukaryota;p__Ascomycota;c__dothideomyceta;o__Cladosporiales;f__Cladosporiaceae;g__Cladosporium;s__Cladosporium_herbarum
Z99672.1,k__Eukaryota;p__Ascomycota;c__sordariomyceta;o__Helotiales;f__Sclerotiniaceae;g__Sclerotinia;s__Sclerotinia_tetraspora
GU237890.1,k__Eukaryota;p__Ascomycota;c__dothideomyceta;o__Pleosporales;f__Didymellaceae;g__Stagonosporopsis;s__Stagonosporopsis_loticola
AY198298.3,k__Eukaryota;p__Oomycota;c__Stramenopiles;o__Peronosporales;f__Peronosporaceae;g__Peronospora;s__Peronospora_calotheca
MN244198.1,k__Eukaryota;p__Ascomycota;c__dothideomyceta;o__Pleosporales;f__Didymellaceae;g__Xenodidymella;s__Xenodidymella_camporesii
HQ643956.2,k__Eukaryota;p__Oomycota;c__Stramenopiles;o__Pythiales;f__Pythiaceae;g__Globisporangium;s__Globisporangium_viniferum
HQ643773.2,k__Eukaryota;p__Oomycota;c__Stramenopiles;o__Pythiales;f__Pythiaceae;g__Elongisporangium;s__Elongisporangium_senticosum
HQ643408.2,k__Eukaryota;p__Oomycota;c__Stramenopiles;o__Pythiales;f__Pythiaceae;g__Globisporangium;s__Globisporangium_abappressorium
MT730631.1,k__Eukaryota;p__Chytridiomycota;c__Opisthokonta;o__Spizellomycetales;f__Spizellomycetaceae;g__Gaertneriomyces;s__Gaertneriomyces_spectabilis
GQ244428.2,k__Eukaryota;p__Oomycota;c__Stramenopiles;o__Pythiales;f__Pythiaceae;g__Globisporangium;s__Globisporangium_emineosum
KJ707164.1,k__Eukaryota;p__Basidiomycota;c__Opisthokonta;o__Sporidiobolales;f__Sporidiobolaceae;g__Sporobolomyces;s__Sporobolomyces_roseus
KT600411.1,k__Eukaryota;p__Ascomycota;c__dothideomyceta;o__Cladosporiales;f__Cladosporiaceae;g__Cladosporium;s__Cladosporium_aciculare
MG865593.1,k__Eukaryota;p__Oomycota;c__Stramenopiles;o__Peronosporales;f__Peronosporaceae;g__Phytophthora;s__Phytophthora_thermophila
EU882732.1,k__Eukaryota;p__Ascomycota;c__sordariomyceta;o__Helotiales;f__Mollisiaceae;g__Acephala;s__Acephala_macrosclerotiorum
MG865548.1,k__Eukaryota;p__Oomycota;c__Stramenopiles;o__Peronosporales;f__Peronosporaceae;g__Phytophthora;s__Phytophthora_nemorosa
MG865566.1,k__Eukaryota;p__Oomycota;c__Stramenopiles;o__Peronosporales;f__Peronosporaceae;g__Phytophthora;s__Phytophthora_pinifolia
HQ643671.2,k__Eukaryota;p__Oomycota;c__Stramenopiles;o__Pythiales;f__Pythiaceae;g__Pythium;s__Pythium_kashmirense
HQ643681.2,k__Eukaryota;p__Oomycota;c__Stramenopiles;o__Pythiales;f__Pythiaceae;g__Globisporangium;s__Globisporangium_lucens
EU049205.1,k__Eukaryota;p__Oomycota;c__Stramenopiles;o__Peronosporales;f__Peronosporaceae;g__Hyaloperonospora;s__Hyaloperonospora_parasitica
MK394004.1,k__Eukaryota;p__Oomycota;c__Stramenopiles;o__Peronosporales;f__Peronosporaceae;g__Peronospora;s__Peronospora_variabilis
AY211016.1,k__Eukaryota;p__Oomycota;c__Stramenopiles;o__Peronosporales;f__Peronosporaceae;g__Peronospora;s__Peronospora_corydalis
AY198300.3,k__Eukaryota;p__Oomycota;c__Stramenopiles;o__Peronosporales;f__Peronosporaceae;g__Peronospora;s__Peronospora_aparines
MT730745.1,k__Eukaryota;p__Chytridiomycota;c__Opisthokonta;o__Spizellomycetales;f__Powellomycetaceae;g__Geranomyces;s__Geranomyces_michiganensis
MH862963.1,k__Eukaryota;p__Ascomycota;c__dothideomyceta;o__Pleosporales;f__Didymellaceae;g__Heterophoma;s__Heterophoma_adonidis
KJ443356.1,k__Eukaryota;p__Ascomycota;c__dothideomyceta;o__Pleosporales;f__Didymellaceae;g__Phoma;s__Phoma_commelinicola
MG865576.1,k__Eukaryota;p__Oomycota;c__Stramenopiles;o__Peronosporales;f__Peronosporaceae;g__Phytophthora;s__Phytophthora_psychrophila
KY970066.1,k__Eukaryota;p__Ascomycota;c__sordariomyceta;o__Helotiales;f__unidentified;g__Patellariopsis;s__Patellariopsis_atrovinosa
MK876378.1,k__Eukaryota;p__Ascomycota;c__dothideomyceta;o__Pleosporales;f__Didymellaceae;g__Calophoma;s__Calophoma_sandfjordenica
GU237837.1,k__Eukaryota;p__Ascomycota;c__dothideomyceta;o__Pleosporales;f__Didymellaceae;g__Vacuiphoma;s__Vacuiphoma_bulgarica
HQ643444.1,k__Eukaryota;p__Oomycota;c__Stramenopiles;o__Pythiales;f__Pythiaceae;g__Pythium;s__Pythium_apleroticum
JQ897481.1,k__Eukaryota;p__Ascomycota;c__dothideomyceta;o__Pleosporales;f__Didymellaceae;g__Stagonosporopsis;s__Stagonosporopsis_tanaceti
MW599272.1,k__Eukaryota;p__Oomycota;c__Stramenopiles;o__Peronosporales;f__Peronosporaceae;g__Peronospora;s__Peronospora_myosuri
MG518642.1,k__Eukaryota;p__Oomycota;c__Stramenopiles;o__Peronosporales;f__Peronosporaceae;g__Phytophthora;s__Phytophthora_acerina
AY364838.1,k__Eukaryota;p__Basidiomycota;c__Opisthokonta;o__Sporidiobolales;f__Sporidiobolaceae;g__Sporobolomyces;s__Sporobolomyces_jilinensis
MH730801.1,k__Eukaryota;p__Oomycota;c__Stramenopiles;o__Peronosporales;f__Peronosporaceae;g__Peronospora;s__Peronospora_argemones
JN906978.1,k__Eukaryota;p__Ascomycota;c__dothideomyceta;o__Cladosporiales;f__Cladosporiaceae;g__Cladosporium;s__Cladosporium_aphidis
LT592939.1,k__Eukaryota;p__Ascomycota;c__dothideomyceta;o__Pleosporales;f__Didymellaceae;g__Nothophoma;s__Nothophoma_variabilis
MH730805.1,k__Eukaryota;p__Oomycota;c__Stramenopiles;o__Peronosporales;f__Peronosporaceae;g__Peronospora;s__Peronospora_ranunculi
GU237714.1,k__Eukaryota;p__Ascomycota;c__dothideomyceta;o__Pleosporales;f__Didymellaceae;g__Stagonosporopsis;s__Stagonosporopsis_andigena
AF347031.1,k__Eukaryota;p__Ascomycota;c__dothideomyceta;o__Pleosporales;f__Pleosporaceae;g__Alternaria;s__Alternaria_alternata
MH730799.1,k__Eukaryota;p__Oomycota;c__Stramenopiles;o__Peronosporales;f__Peronosporaceae;g__Peronospora;s__Peronospora_cyparissiae
MH327825.1,k__Eukaryota;p__Ascomycota;c__dothideomyceta;o__Pleosporales;f__Didymellaceae;g__Didymella;s__Didymella_cari
GU237731.1,k__Eukaryota;p__Ascomycota;c__dothideomyceta;o__Pleosporales;f__Didymellaceae;g__Epicoccum;s__Epicoccum_henningsii
GU237792.1,k__Eukaryota;p__Ascomycota;c__dothideomyceta;o__Pleosporales;f__Didymellaceae;g__Stagonosporopsis;s__Stagonosporopsis_astragali
FN428895.1,k__Eukaryota;p__Basidiomycota;c__Opisthokonta;o__Cystobasidiales;f__unidentified;g__Occultifur;s__Occultifur_aff._externus_IMUFRJ_52018
KJ941072.1,k__Eukaryota;p__Ascomycota;c__sordariomyceta;o__Helotiales;f__Sclerotiniaceae;g__Myriosclerotinia;s__Myriosclerotinia_curreyana
OL539743.1,k__Eukaryota;p__Ascomycota;c__sordariomyceta;o__Helotiales;f__unidentified;g__Amylocarpus;s__Amylocarpus_encephaloides
MW138779.1,k__Eukaryota;p__Ascomycota;c__sordariomyceta;o__Helotiales;f__Sclerotiniaceae;g__Sclerotinia;s__Sclerotinia_sclerotiorum
MG865476.1,k__Eukaryota;p__Oomycota;c__Stramenopiles;o__Peronosporales;f__Peronosporaceae;g__Phytophthora;s__Phytophthora_citrophthora
MH730809.1,k__Eukaryota;p__Oomycota;c__Stramenopiles;o__Peronosporales;f__Peronosporaceae;g__Peronospora;s__Peronospora_meconopsidis
FJ427003.1,k__Eukaryota;p__Ascomycota;c__dothideomyceta;o__Pleosporales;f__Didymellaceae;g__Didymella;s__Didymella_gardeniae
HQ643739.2,k__Eukaryota;p__Oomycota;c__Stramenopiles;o__Pythiales;f__Pythiaceae;g__Pythium;s__Pythium_pectinolyticum
MG865511.1,k__Eukaryota;p__Oomycota;c__Stramenopiles;o__Peronosporales;f__Peronosporaceae;g__Phytophthora;s__Phytophthora_ilicis
KU306729.1,k__Eukaryota;p__Ascomycota;c__sordariomyceta;o__Helotiales;f__Sclerotiniaceae;g__Valdensinia;s__Valdensinia_heterodoxa
MG865509.1,k__Eukaryota;p__Oomycota;c__Stramenopiles;o__Peronosporales;f__Peronosporaceae;g__Phytophthora;s__Phytophthora_idaei
KF156010.1,k__Eukaryota;p__Ascomycota;c__dothideomyceta;o__Pleosporales;f__Pleosporaceae;g__Paradendryphiella;s__Paradendryphiella_arenariae
MG865575.1,k__Eukaryota;p__Oomycota;c__Stramenopiles;o__Peronosporales;f__Peronosporaceae;g__Phytophthora;s__Phytophthora_pseudotsugae
HQ643443.2,k__Eukaryota;p__Oomycota;c__Stramenopiles;o__Pythiales;f__Pythiaceae;g__Pythium;s__Pythium_apiculatum
MG865596.1,k__Eukaryota;p__Oomycota;c__Stramenopiles;o__Peronosporales;f__Peronosporaceae;g__Phytophthora;s__Phytophthora_tropicalis
HQ643396.2,k__Eukaryota;p__Oomycota;c__Stramenopiles;o__Pythiales;f__Pythiaceae;g__Phytopythium;s__Phytopythium_sindhum
MG865599.1,k__Eukaryota;p__Oomycota;c__Stramenopiles;o__Peronosporales;f__Peronosporaceae;g__Phytophthora;s__Phytophthora_x_serendipita
KJ131184.1,k__Eukaryota;p__Ascomycota;c__sordariomyceta;o__Helotiales;f__Sclerotiniaceae;g__Monilinia;s__Monilinia_fructicola
MG865580.1,k__Eukaryota;p__Oomycota;c__Stramenopiles;o__Peronosporales;f__Peronosporaceae;g__Phytophthora;s__Phytophthora_quininea
MG564165.1,k__Eukaryota;p__Ascomycota;c__dothideomyceta;o__Pleosporales;f__Didymellaceae;g__Neodidymelliopsis;s__Neodidymelliopsis_negundinis
MG865559.1,k__Eukaryota;p__Oomycota;c__Stramenopiles;o__Peronosporales;f__Peronosporaceae;g__Phytophthora;s__Phytophthora_palmivora
MG865484.1,k__Eukaryota;p__Oomycota;c__Stramenopiles;o__Peronosporales;f__Peronosporaceae;g__Phytophthora;s__Phytophthora_drechsleri
MN784447.1,k__Eukaryota;p__Oomycota;c__Stramenopiles;o__Peronosporales;f__Peronosporaceae;g__Peronospora;s__Peronospora_viciae
MN688821.1,k__Eukaryota;p__Ascomycota;c__dothideomyceta;o__Pleosporales;f__Pleosporaceae;g__Curvularia;s__Curvularia_pseudoprotuberata
KR873250.1,k__Eukaryota;p__Ascomycota;c__dothideomyceta;o__Pleosporales;f__Phaeosphaeriaceae;g__Septoriella;s__Septoriella_oudemansii
HQ643546.1,k__Eukaryota;p__Oomycota;c__Stramenopiles;o__Pythiales;f__Pythiaceae;g__Pythium;s__Pythium_grandisporangium
MK995628.1,k__Eukaryota;p__Ascomycota;c__dothideomyceta;o__Pleosporales;f__Pleosporaceae;g__Curvularia;s__Curvularia_verruculosa
GU237761.1,k__Eukaryota;p__Ascomycota;c__dothideomyceta;o__Pleosporales;f__Didymellaceae;g__Neodidymelliopsis;s__Neodidymelliopsis_cannabis
MG865519.1,k__Eukaryota;p__Oomycota;c__Stramenopiles;o__Peronosporales;f__Peronosporaceae;g__Phytophthora;s__Phytophthora_iranica
AF222850.1,k__Eukaryota;p__Ascomycota;c__dothideomyceta;o__Mycosphaerellales;f__Mycosphaerellaceae;g__Mycosphaerella;s__Mycosphaerella_asteroma
KP170659.1,k__Eukaryota;p__Ascomycota;c__dothideomyceta;o__Pleosporales;f__Leptosphaeriaceae;g__Sphaerellopsis;s__Sphaerellopsis_macroconidialis
MH730803.1,k__Eukaryota;p__Oomycota;c__Stramenopiles;o__Peronosporales;f__Peronosporaceae;g__Peronospora;s__Peronospora_hiemalis
LT592936.1,k__Eukaryota;p__Ascomycota;c__dothideomyceta;o__Pleosporales;f__Didymellaceae;g__Remotididymella;s__Remotididymella_anthropophila
HQ643388.2,k__Eukaryota;p__Oomycota;c__Stramenopiles;o__Pythiales;f__Pythiaceae;g__Phytopythium;s__Phytopythium_megacarpum
AY198246.3,k__Eukaryota;p__Oomycota;c__Stramenopiles;o__Peronosporales;f__Peronosporaceae;g__Peronospora;s__Peronospora_conglomerata
KF777149.1,k__Eukaryota;p__Ascomycota;c__dothideomyceta;o__Pleosporales;f__Didymellaceae;g__Nothophoma;s__Nothophoma_prosopidis
KC986958.1,k__Eukaryota;p__Ascomycota;c__dothideomyceta;o__Pleosporales;f__Pleosporaceae;g__Paradendryphiella;s__Paradendryphiella_salina
HQ643721.2,k__Eukaryota;p__Oomycota;c__Stramenopiles;o__Pythiales;f__Pythiaceae;g__Globisporangium;s__Globisporangium_ornacarpum
JN865210.1,k__Eukaryota;p__Ascomycota;c__dothideomyceta;o__Tubeufiales;f__Tubeufiaceae;g__Chlamydotubeufia;s__Chlamydotubeufia_huaikangplaensis
MG865586.1,k__Eukaryota;p__Oomycota;c__Stramenopiles;o__Peronosporales;f__Peronosporaceae;g__Phytophthora;s__Phytophthora_siskiyouensis
MT731015.1,k__Eukaryota;p__Chytridiomycota;c__Opisthokonta;o__Chytridiales;f__Chytriomycetaceae;g__Chytriomyces;s__Chytriomyces_hyalinus
MT730940.1,k__Eukaryota;p__Chytridiomycota;c__Opisthokonta;o__Spizellomycetales;f__Powellomycetaceae;g__Geranomyces;s__Geranomyces_variabilis
JN712454.1,k__Eukaryota;p__Ascomycota;c__dothideomyceta;o__Pleosporales;f__Didymosphaeriaceae;g__Verrucoconiothyrium;s__Verrucoconiothyrium_nitidae
MK894584.1,k__Eukaryota;p__Ascomycota;c__sordariomyceta;o__Helotiales;f__Sclerotiniaceae;g__Stromatinia;s__Stromatinia_cepivora
OL652617.1,k__Eukaryota;p__Basidiomycota;c__Opisthokonta;o__Cantharellales;f__Ceratobasidiaceae;g__Rhizoctonia;s__Rhizoctonia_rubi
GU237833.1,k__Eukaryota;p__Ascomycota;c__dothideomyceta;o__Pleosporales;f__Didymellaceae;g__Didymella;s__Didymella_arachidicola
MG783381.1,k__Eukaryota;p__Oomycota;c__Stramenopiles;o__Peronosporales;f__Peronosporaceae;g__Phytophthora;s__Phytophthora_bisheria
MG865488.1,k__Eukaryota;p__Oomycota;c__Stramenopiles;o__Peronosporales;f__Peronosporaceae;g__Phytophthora;s__Phytophthora_europaea
GU237734.1,k__Eukaryota;p__Ascomycota;c__dothideomyceta;o__Pleosporales;f__Didymellaceae;g__Stagonosporopsis;s__Stagonosporopsis_actaeae
MH730806.1,k__Eukaryota;p__Oomycota;c__Stramenopiles;o__Peronosporales;f__Peronosporaceae;g__Peronospora;s__Peronospora_ranunculi-sardoi
KY905674.1,k__Eukaryota;p__Ascomycota;c__dothideomyceta;o__Pleosporales;f__Pleosporaceae;g__Bipolaris;s__Bipolaris_saccharicola
MH298851.1,k__Eukaryota;p__Ascomycota;c__sordariomyceta;o__Helotiales;f__Sclerotiniaceae;g__Scleromitrula;s__Scleromitrula_shiraiana
HQ643137.1,k__Eukaryota;p__Oomycota;c__Stramenopiles;o__Saprolegniales;f__Saprolegniaceae;g__Leptolegnia;s__Leptolegnia_caudata
KY995559.1,k__Eukaryota;p__Ascomycota;c__dothideomyceta;o__Pleosporales;f__unidentified;g__Cryptocoryneum;s__Cryptocoryneum_condensatum
HQ643522.1,k__Eukaryota;p__Oomycota;c__Stramenopiles;o__Pythiales;f__Pythiaceae;g__Pythium;s__Pythium_deliense
MG865466.1,k__Eukaryota;p__Oomycota;c__Stramenopiles;o__Peronosporales;f__Peronosporaceae;g__Phytophthora;s__Phytophthora_capensis
MH862427.1,k__Eukaryota;p__Ascomycota;c__dothideomyceta;o__Pleosporales;f__Pleosporaceae;g__Exserohilum;s__Exserohilum_antillanum
HQ643518.2,k__Eukaryota;p__Oomycota;c__Stramenopiles;o__Pythiales;f__Pythiaceae;g__Globisporangium;s__Globisporangium_cystogenes
MK496523.1,k__Eukaryota;p__Oomycota;c__Stramenopiles;o__Peronosporales;f__Peronosporaceae;g__Phytophthora;s__Phytophthora_x_pelgrandis
MW915648.1,k__Eukaryota;p__Ascomycota;c__sordariomyceta;o__Helotiales;f__Sclerotiniaceae;g__Schroeteria;s__Schroeteria_poeltii
GU237775.1,k__Eukaryota;p__Ascomycota;c__dothideomyceta;o__Pleosporales;f__Didymellaceae;g__Didymella;s__Didymella_chenopodii
FJ266483.1,k__Eukaryota;p__Ascomycota;c__dothideomyceta;o__Pleosporales;f__Pleosporaceae;g__Alternaria;s__Alternaria_cucurbitae
MH101502.1,k__Eukaryota;p__Ascomycota;c__sordariomyceta;o__Helotiales;f__Sclerotiniaceae;g__Septotinia;s__Septotinia_podophyllina
MH730800.1,k__Eukaryota;p__Oomycota;c__Stramenopiles;o__Peronosporales;f__Peronosporaceae;g__Peronospora;s__Peronospora_esulae
MG865520.1,k__Eukaryota;p__Oomycota;c__Stramenopiles;o__Peronosporales;f__Peronosporaceae;g__Phytophthora;s__Phytophthora_irrigata
MG865527.1,k__Eukaryota;p__Oomycota;c__Stramenopiles;o__Peronosporales;f__Peronosporaceae;g__Phytophthora;s__Phytophthora_macilentosa
AY198293.3,k__Eukaryota;p__Oomycota;c__Stramenopiles;o__Peronosporales;f__Peronosporaceae;g__Peronospora;s__Peronospora_valerianellae
HQ643126.1,k__Eukaryota;p__Oomycota;c__Stramenopiles;o__Leptomitales;f__unidentified;g__Apodachlya;s__Apodachlya_minima
DQ202520.1,k__Eukaryota;p__Ascomycota;c__sordariomyceta;o__Helotiales;f__Mollisiaceae;g__Variocladium;s__Variocladium_giganteum
MG865499.1,k__Eukaryota;p__Oomycota;c__Stramenopiles;o__Peronosporales;f__Peronosporaceae;g__Phytophthora;s__Phytophthora_gibbosa
MK163944.1,k__Eukaryota;p__Oomycota;c__Stramenopiles;o__Peronosporales;f__Peronosporaceae;g__Phytophthora;s__Phytophthora_abietivora
MG865523.1,k__Eukaryota;p__Oomycota;c__Stramenopiles;o__Peronosporales;f__Peronosporaceae;g__Phytophthora;s__Phytophthora_lilii
MG865525.1,k__Eukaryota;p__Oomycota;c__Stramenopiles;o__Peronosporales;f__Peronosporaceae;g__Phytophthora;s__Phytophthora_litchii
HE792904.1,k__Eukaryota;p__Ascomycota;c__dothideomyceta;o__Pleosporales;f__Pleosporaceae;g__Curvularia;s__Curvularia_spicifera
MT554398.1,k__Eukaryota;p__Oomycota;c__Stramenopiles;o__Peronosporales;f__Peronosporaceae;g__Peronospora;s__Peronospora_aquilegiicola
GU237795.1,k__Eukaryota;p__Ascomycota;c__dothideomyceta;o__Pleosporales;f__Didymellaceae;g__Epicoccum;s__Epicoccum_draconis
AY552328.1,k__Eukaryota;p__Basidiomycota;c__Opisthokonta;o__Sporidiobolales;f__Sporidiobolaceae;g__Sporobolomyces;s__Sporobolomyces_patagonicus
KY742078.1,k__Eukaryota;p__Ascomycota;c__dothideomyceta;o__Pleosporales;f__Didymellaceae;g__Didymella;s__Didymella_ocimicola
KY986679.1,k__Eukaryota;p__Oomycota;c__Stramenopiles;o__Peronosporales;f__Peronosporaceae;g__Peronospora;s__Peronospora_erucastri
KU821452.1,k__Eukaryota;p__Ascomycota;c__dothideomyceta;o__Cladosporiales;f__Cladosporiaceae;g__Cladosporium;s__Cladosporium_tenuissimum
HQ643757.2,k__Eukaryota;p__Oomycota;c__Stramenopiles;o__Pythiales;f__Pythiaceae;g__Pythium;s__Pythium_rhizo-oryzae
EU346864.1,k__Eukaryota;p__Ascomycota;c__dothideomyceta;o__Pleosporales;f__unidentified;g__Phaeomycocentrospora;s__Phaeomycocentrospora_cantuariensis
HQ643690.1,k__Eukaryota;p__Oomycota;c__Stramenopiles;o__Pythiales;f__Pythiaceae;g__Globisporangium;s__Globisporangium_marsipium
MG865544.1,k__Eukaryota;p__Oomycota;c__Stramenopiles;o__Peronosporales;f__Peronosporaceae;g__Phytophthora;s__Phytophthora_multivesiculata
MH730811.1,k__Eukaryota;p__Oomycota;c__Stramenopiles;o__Peronosporales;f__Peronosporaceae;g__Peronospora;s__Peronospora_alpicola
GU237901.1,k__Eukaryota;p__Ascomycota;c__dothideomyceta;o__Pleosporales;f__Didymellaceae;g__Stagonosporopsis;s__Stagonosporopsis_oculi-hominis
MK473407.1,k__Eukaryota;p__Ascomycota;c__saccharomyceta;o__Orbiliales;f__Orbiliaceae;g__Orbilia;s__Orbilia_ovalis
EU040243.2,k__Eukaryota;p__Ascomycota;c__dothideomyceta;o__Cladosporiales;f__Cladosporiaceae;g__Toxicocladosporium;s__Toxicocladosporium_irritans
AY198301.3,k__Eukaryota;p__Oomycota;c__Stramenopiles;o__Peronosporales;f__Peronosporaceae;g__Peronospora;s__Peronospora_sherardiae
MG865504.1,k__Eukaryota;p__Oomycota;c__Stramenopiles;o__Peronosporales;f__Peronosporaceae;g__Phytophthora;s__Phytophthora_hedraiandra
EU019250.2,k__Eukaryota;p__Ascomycota;c__dothideomyceta;o__Mycosphaerellales;f__Teratosphaeriaceae;g__Stenella;s__Stenella_araguata
GU237794.1,k__Eukaryota;p__Ascomycota;c__dothideomyceta;o__Pleosporales;f__Didymellaceae;g__Didymella;s__Didymella_exigua
EU049217.1,k__Eukaryota;p__Oomycota;c__Stramenopiles;o__Peronosporales;f__Peronosporaceae;g__Hyaloperonospora;s__Hyaloperonospora_camelinae
GU237903.1,k__Eukaryota;p__Ascomycota;c__dothideomyceta;o__Pleosporales;f__Didymellaceae;g__Stagonosporopsis;s__Stagonosporopsis_crystalliniformis
JQ031179.1,k__Eukaryota;p__Oomycota;c__Stramenopiles;o__Peronosporales;f__Peronosporaceae;g__Peronospora;s__Peronospora_violacea
MG865508.1,k__Eukaryota;p__Oomycota;c__Stramenopiles;o__Peronosporales;f__Peronosporaceae;g__Phytophthora;s__Phytophthora_hydrogena
MT185530.1,k__Eukaryota;p__Ascomycota;c__sordariomyceta;o__Helotiales;f__Dermateaceae;g__Neodermea;s__Neodermea_rossica
AY198240.3,k__Eukaryota;p__Oomycota;c__Stramenopiles;o__Peronosporales;f__Peronosporaceae;g__Peronospora;s__Peronospora_violae
OL436938.1,k__Eukaryota;p__Basidiomycota;c__Opisthokonta;o__Hymenochaetales;f__unidentified;g__Trichaptum;s__Trichaptum_abietinum
OM778769.1,k__Eukaryota;p__Ascomycota;c__dothideomyceta;o__Pleosporales;f__Pleosporaceae;g__Exserohilum;s__Exserohilum_turcicum
DQ641238.1,k__Eukaryota;p__Ascomycota;c__CUG-Ser1 clade;o__Saccharomycetales;f__Metschnikowiaceae;g__Metschnikowia;s__Metschnikowia_continentalis
MH414905.1,k__Eukaryota;p__Ascomycota;c__dothideomyceta;o__Pleosporales;f__Pleosporaceae;g__Curvularia;s__Curvularia_petersonii
KU850647.1,k__Eukaryota;p__Ascomycota;c__dothideomyceta;o__Pleosporales;f__Pleosporaceae;g__Stemphylium;s__Stemphylium_trifolii
HQ643544.1,k__Eukaryota;p__Oomycota;c__Stramenopiles;o__Pythiales;f__Pythiaceae;g__Globisporangium;s__Globisporangium_glomeratum
KM265189.1,k__Eukaryota;p__Ascomycota;c__sordariomyceta;o__Helotiales;f__Sclerotiniaceae;g__Sclerotinia;s__Sclerotinia_nivalis
DQ641243.1,k__Eukaryota;p__Ascomycota;c__CUG-Ser1 clade;o__Saccharomycetales;f__Metschnikowiaceae;g__Metschnikowia;s__Metschnikowia_borealis
MG865569.1,k__Eukaryota;p__Oomycota;c__Stramenopiles;o__Peronosporales;f__Peronosporaceae;g__Phytophthora;s__Phytophthora_porri
MN973540.1,k__Eukaryota;p__Ascomycota;c__dothideomyceta;o__Pleosporales;f__Didymellaceae;g__Didymella;s__Didymella_subrosea
GU237764.1,k__Eukaryota;p__Ascomycota;c__dothideomyceta;o__Pleosporales;f__Didymellaceae;g__Chaetasbolisia;s__Chaetasbolisia_eupatorii
HQ643570.1,k__Eukaryota;p__Oomycota;c__Stramenopiles;o__Pythiales;f__Pythiaceae;g__Pythium;s__Pythium_insidiosum
MG865558.1,k__Eukaryota;p__Oomycota;c__Stramenopiles;o__Peronosporales;f__Peronosporaceae;g__Phytophthora;s__Phytophthora_pachypleura
MG865518.1,k__Eukaryota;p__Oomycota;c__Stramenopiles;o__Peronosporales;f__Peronosporaceae;g__Phytophthora;s__Phytophthora_ipomoeae
MN973459.1,k__Eukaryota;p__Ascomycota;c__dothideomyceta;o__Pleosporales;f__Didymellaceae;g__Stagonosporopsis;s__Stagonosporopsis_sambucella
HQ643515.2,k__Eukaryota;p__Oomycota;c__Stramenopiles;o__Pythiales;f__Pythiaceae;g__Globisporangium;s__Globisporangium_cryptoirregulare
MG865485.1,k__Eukaryota;p__Oomycota;c__Stramenopiles;o__Peronosporales;f__Peronosporaceae;g__Phytophthora;s__Phytophthora_elongata
HQ643973.1,k__Eukaryota;p__Oomycota;c__Stramenopiles;o__Pythiales;f__Pythiaceae;g__Pythium;s__Pythium_zingiberis
MG865534.1,k__Eukaryota;p__Oomycota;c__Stramenopiles;o__Peronosporales;f__Peronosporaceae;g__Phytophthora;s__Phytophthora_megakarya
JQ031190.1,k__Eukaryota;p__Oomycota;c__Stramenopiles;o__Peronosporales;f__Peronosporaceae;g__Peronospora;s__Peronospora_stigmaticola
MW599273.1,k__Eukaryota;p__Oomycota;c__Stramenopiles;o__Peronosporales;f__Peronosporaceae;g__Peronospora;s__Peronospora_eranthidis
MG865568.1,k__Eukaryota;p__Oomycota;c__Stramenopiles;o__Peronosporales;f__Peronosporaceae;g__Phytophthora;s__Phytophthora_plurivora
EU520073.1,k__Eukaryota;p__Ascomycota;c__sordariomyceta;o__Helotiales;f__Sclerotiniaceae;g__Monilia;s__Monilia_fructigena
KX982704.1,k__Eukaryota;p__Ascomycota;c__sordariomyceta;o__Helotiales;f__Sclerotiniaceae;g__Monilinia;s__Monilinia_polystroma
LT158431.1,k__Eukaryota;p__Ascomycota;c__sordariomyceta;o__Helotiales;f__Rutstroemiaceae;g__Rutstroemia;s__Rutstroemia_luteovirescens
MH730802.1,k__Eukaryota;p__Oomycota;c__Stramenopiles;o__Peronosporales;f__Peronosporaceae;g__Peronospora;s__Peronospora_arborescens
AF141170.1,k__Eukaryota;p__Ascomycota;c__sordariomyceta;o__Helotiales;f__Dermateaceae;g__Pezicula;s__Pezicula_aurantiaca
MG865589.1,k__Eukaryota;p__Oomycota;c__Stramenopiles;o__Peronosporales;f__Peronosporaceae;g__Phytophthora;s__Phytophthora_stricta
MH856859.1,k__Eukaryota;p__Ascomycota;c__sordariomyceta;o__Helotiales;f__Rutstroemiaceae;g__Lambertella;s__Lambertella_tubulosa
MH730810.1,k__Eukaryota;p__Oomycota;c__Stramenopiles;o__Peronosporales;f__Peronosporaceae;g__Peronospora;s__Peronospora_pulveracea
HQ643373.2,k__Eukaryota;p__Oomycota;c__Stramenopiles;o__Pythiales;f__Pythiaceae;g__Phytopythium;s__Phytopythium_carbonicum
MT074263.1,k__Eukaryota;p__Oomycota;c__Stramenopiles;o__Peronosporales;f__Peronosporaceae;g__Phytophthora;s__Phytophthora_theobromicola
HQ643427.1,k__Eukaryota;p__Oomycota;c__Stramenopiles;o__Pythiales;f__Pythiaceae;g__Globisporangium;s__Globisporangium_aff._perplexum
MK212930.1,k__Eukaryota;p__Oomycota;c__Stramenopiles;o__Peronosporales;f__Peronosporaceae;g__Peronospora;s__Peronospora_bulbocapni
MH856898.1,k__Eukaryota;p__Ascomycota;c__sordariomyceta;o__Helotiales;f__Dermateaceae;g__Pezicula;s__Pezicula_cinnamomea
KP278161.1,k__Eukaryota;p__Ascomycota;c__sordariomyceta;o__Helotiales;f__unidentified;g__Leptodophora;s__Leptodophora_orchidicola
HQ643540.1,k__Eukaryota;p__Oomycota;c__Stramenopiles;o__Pythiales;f__Pythiaceae;g__Pythium;s__Pythium_folliculosum
MT210487.1,k__Eukaryota;p__Oomycota;c__Stramenopiles;o__Peronosporales;f__Peronosporaceae;g__Phytophthora;s__Phytophthora_kelmanii
KX037028.1,k__Eukaryota;p__Ascomycota;c__dothideomyceta;o__Pleosporales;f__Leptosphaeriaceae;g__Plenodomus;s__Plenodomus_biglobosus
MG865475.1,k__Eukaryota;p__Oomycota;c__Stramenopiles;o__Peronosporales;f__Peronosporaceae;g__Phytophthora;s__Phytophthora_citricola
MH753702.1,k__Eukaryota;p__Basidiomycota;c__Opisthokonta;o__Sporidiobolales;f__Sporidiobolaceae;g__Rhodotorula;s__Rhodotorula_diobovata
MH461124.1,k__Eukaryota;p__Ascomycota;c__dothideomyceta;o__Pleosporales;f__Tzeananiaceae;g__Tzeanania;s__Tzeanania_taiwanensis
KC529657.1,k__Eukaryota;p__Oomycota;c__Stramenopiles;o__Peronosporales;f__Peronosporaceae;g__Phytophthora;s__Phytophthora_pluvialis
HQ643750.1,k__Eukaryota;p__Oomycota;c__Stramenopiles;o__Pythiales;f__Pythiaceae;g__Pythium;s__Pythium_plurisporium
MG865578.1,k__Eukaryota;p__Oomycota;c__Stramenopiles;o__Peronosporales;f__Peronosporaceae;g__Phytophthora;s__Phytophthora_quercina
HE792942.1,k__Eukaryota;p__Ascomycota;c__dothideomyceta;o__Pleosporales;f__Pleosporaceae;g__Bipolaris;s__Bipolaris_yamadae
AY211019.1,k__Eukaryota;p__Oomycota;c__Stramenopiles;o__Peronosporales;f__Peronosporaceae;g__Peronospora;s__Peronospora_manshurica
DQ825985.1,k__Eukaryota;p__Ascomycota;c__sordariomyceta;o__Glomerellales;f__Plectosphaerellaceae;g__Gibellulopsis;s__Gibellulopsis_serrae
KX247599.1,k__Eukaryota;p__Oomycota;c__Stramenopiles;o__Peronosporales;f__Peronosporaceae;g__Phytophthora;s__Phytophthora_alticola
Z99694.1,k__Eukaryota;p__Ascomycota;c__sordariomyceta;o__Helotiales;f__Sclerotiniaceae;g__Myriosclerotinia;s__Myriosclerotinia_caricis-ampullaceae
HQ643699.1,k__Eukaryota;p__Oomycota;c__Stramenopiles;o__Pythiales;f__Pythiaceae;g__Pythium;s__Pythium_monospermum
KT389549.1,k__Eukaryota;p__Ascomycota;c__dothideomyceta;o__Pleosporales;f__Didymellaceae;g__Xenodidymella;s__Xenodidymella_asphodeli
KP330867.1,k__Eukaryota;p__Oomycota;c__Stramenopiles;o__Peronosporales;f__Peronosporaceae;g__Peronospora;s__Peronospora_boni-henrici
MW489556.1,k__Eukaryota;p__Ascomycota;c__sordariomyceta;o__Helotiales;f__Sclerotiniaceae;g__Elliottinia;s__Elliottinia_kerneri
MZ531891.1,k__Eukaryota;p__Ascomycota;c__dothideomyceta;o__Cladosporiales;f__Cladosporiaceae;g__Cladosporium;s__Cladosporium_cladosporioides
HQ643772.2,k__Eukaryota;p__Oomycota;c__Stramenopiles;o__Pythiales;f__Pythiaceae;g__Globisporangium;s__Globisporangium_segnitium
HQ643391.1,k__Eukaryota;p__Oomycota;c__Stramenopiles;o__Pythiales;f__Pythiaceae;g__Phytopythium;s__Phytopythium_montanum
MG865594.1,k__Eukaryota;p__Oomycota;c__Stramenopiles;o__Peronosporales;f__Peronosporaceae;g__Phytophthora;s__Phytophthora_trifolii
EU040211.1,k__Eukaryota;p__Ascomycota;c__dothideomyceta;o__Pleosporales;f__Pleosporaceae;g__Alternaria;s__Alternaria_thalictrigena
HG931724.1,k__Eukaryota;p__Ascomycota;c__dothideomyceta;o__Pleosporales;f__Pleosporaceae;g__Stemphylium;s__Stemphylium_globuliferum
MG865565.1,k__Eukaryota;p__Oomycota;c__Stramenopiles;o__Peronosporales;f__Peronosporaceae;g__Phytophthora;s__Phytophthora_pini
MG865516.1,k__Eukaryota;p__Oomycota;c__Stramenopiles;o__Peronosporales;f__Peronosporaceae;g__Phytophthora;s__Phytophthora_inundata
FJ426989.1,k__Eukaryota;p__Ascomycota;c__dothideomyceta;o__Pleosporales;f__Didymellaceae;g__Calophoma;s__Calophoma_clematidina
MT730659.1,k__Eukaryota;p__Chytridiomycota;c__Opisthokonta;o__Cladochytriales;f__Nowakowskiellaceae;g__Nowakowskiella;s__Nowakowskiella_elegans
AY015439.1,k__Eukaryota;p__Basidiomycota;c__Opisthokonta;o__Sporidiobolales;f__Sporidiobolaceae;g__Sporobolomyces;s__Sporobolomyces_ruberrimus
JF812154.1,k__Eukaryota;p__Ascomycota;c__dothideomyceta;o__Pleosporales;f__Pleosporaceae;g__Curvularia;s__Curvularia_malina
MG865590.1,k__Eukaryota;p__Oomycota;c__Stramenopiles;o__Peronosporales;f__Peronosporaceae;g__Phytophthora;s__Phytophthora_syringae
KX982694.1,k__Eukaryota;p__Ascomycota;c__sordariomyceta;o__Helotiales;f__Sclerotiniaceae;g__Monilinia;s__Monilinia_baccarum
KF545324.1,k__Eukaryota;p__Ascomycota;c__sordariomyceta;o__Helotiales;f__Sclerotiniaceae;g__Ciboria;s__Ciboria_cistophila
LT990647.1,k__Eukaryota;p__Ascomycota;c__dothideomyceta;o__Pleosporales;f__Pleosporaceae;g__Dichotomophthora;s__Dichotomophthora_lutea
MG783373.1,k__Eukaryota;p__Oomycota;c__Stramenopiles;o__Peronosporales;f__Peronosporaceae;g__Phytophthora;s__Phytophthora_amaranthi
MF472945.1,k__Eukaryota;p__Ascomycota;c__dothideomyceta;o__Cladosporiales;f__Cladosporiaceae;g__Cladosporium;s__Cladosporium_coloradense
GU189413.1,k__Eukaryota;p__Oomycota;c__Stramenopiles;o__Peronosporales;f__Peronosporaceae;g__Hyaloperonospora;s__Hyaloperonospora_norvegica
MT730833.1,k__Eukaryota;p__Chytridiomycota;c__Opisthokonta;o__Chytridiales;f__Chytriomycetaceae;g__Rhizoclosmatium;s__Rhizoclosmatium_pessaminum
MG865473.1,k__Eukaryota;p__Oomycota;c__Stramenopiles;o__Peronosporales;f__Peronosporaceae;g__Phytophthora;s__Phytophthora_cinnamomi
MG865471.1,k__Eukaryota;p__Oomycota;c__Stramenopiles;o__Peronosporales;f__Peronosporaceae;g__Phytophthora;s__Phytophthora_chlamydospora
LT158432.1,k__Eukaryota;p__Ascomycota;c__sordariomyceta;o__Helotiales;f__Rutstroemiaceae;g__Rutstroemia;s__Rutstroemia_bolaris
HQ643854.2,k__Eukaryota;p__Oomycota;c__Stramenopiles;o__Pythiales;f__Pythiaceae;g__Globisporangium;s__Globisporangium_takayamanum
MH730817.1,k__Eukaryota;p__Oomycota;c__Stramenopiles;o__Peronosporales;f__Peronosporaceae;g__Peronospora;s__Peronospora_chrysosplenii
MK442607.1,k__Eukaryota;p__Ascomycota;c__dothideomyceta;o__Pleosporales;f__Thyridariaceae;g__Pararoussoella;s__Pararoussoella_juglandicola
MG865585.1,k__Eukaryota;p__Oomycota;c__Stramenopiles;o__Peronosporales;f__Peronosporaceae;g__Phytophthora;s__Phytophthora_sansomeana
MG865567.1,k__Eukaryota;p__Oomycota;c__Stramenopiles;o__Peronosporales;f__Peronosporaceae;g__Phytophthora;s__Phytophthora_pisi
AY762619.1,k__Eukaryota;p__Ascomycota;c__sordariomyceta;o__Helotiales;f__Hyaloscyphaceae;g__Hyaloscypha;s__Hyaloscypha_variabilis
FJ357317.1,k__Eukaryota;p__Ascomycota;c__dothideomyceta;o__Pleosporales;f__Pleosporaceae;g__Alternaria;s__Alternaria_bornmuelleri
MT734672.1,k__Eukaryota;p__Oomycota;c__Stramenopiles;o__Peronosporales;f__Peronosporaceae;g__Peronospora;s__Peronospora_lathyrina
MF784742.1,k__Eukaryota;p__Oomycota;c__Stramenopiles;o__Peronosporales;f__Peronosporaceae;g__Peronospora;s__Peronospora_stellariae-aquaticae
MK496521.1,k__Eukaryota;p__Oomycota;c__Stramenopiles;o__Peronosporales;f__Peronosporaceae;g__Phytophthora;s__Phytophthora_richardiae
MH864164.1,k__Eukaryota;p__Ascomycota;c__dothideomyceta;o__Pleosporales;f__Leptosphaeriaceae;g__Plenodomus;s__Plenodomus_agnitus
MG865492.1,k__Eukaryota;p__Oomycota;c__Stramenopiles;o__Peronosporales;f__Peronosporaceae;g__Phytophthora;s__Phytophthora_foliorum
MK785197.1,k__Eukaryota;p__Ascomycota;c__dothideomyceta;o__Pleosporales;f__Didymellaceae;g__Stagonosporopsis;s__Stagonosporopsis_citrulli
HQ643740.1,k__Eukaryota;p__Oomycota;c__Stramenopiles;o__Pythiales;f__Pythiaceae;g__Pythium;s__Pythium_periilum
MG865539.1,k__Eukaryota;p__Oomycota;c__Stramenopiles;o__Peronosporales;f__Peronosporaceae;g__Phytophthora;s__Phytophthora_mengei
JQ754042.1,k__Eukaryota;p__Basidiomycota;c__Opisthokonta;o__Tremellales;f__Bulleribasidiaceae;g__Hannaella;s__Hannaella_oryzae
FJ427042.1,k__Eukaryota;p__Ascomycota;c__dothideomyceta;o__Pleosporales;f__Didymellaceae;g__Cumuliphoma;s__Cumuliphoma_omnivirens
LT158463.1,k__Eukaryota;p__Ascomycota;c__sordariomyceta;o__Helotiales;f__Sclerotiniaceae;g__Sclerencoelia;s__Sclerencoelia_pruinosa
EU240038.1,k__Eukaryota;p__Oomycota;c__Stramenopiles;o__Peronosporales;f__Peronosporaceae;g__Phytophthora;s__Phytophthora_taxon_Oaksoil
MN263048.1,k__Eukaryota;p__Ascomycota;c__sordariomyceta;o__Helotiales;f__Rutstroemiaceae;g__Rutstroemia;s__Rutstroemia_elatina
MK751727.1,k__Eukaryota;p__Ascomycota;c__dothideomyceta;o__Pleosporales;f__Dothidotthiaceae;g__Dothidotthia;s__Dothidotthia_robiniae
HG779023.1,k__Eukaryota;p__Ascomycota;c__dothideomyceta;o__Pleosporales;f__Pleosporaceae;g__Curvularia;s__Curvularia_trifolii
KY568986.1,k__Eukaryota;p__Ascomycota;c__dothideomyceta;o__Pleosporales;f__Phaeosphaeriaceae;g__Neosetophoma;s__Neosetophoma_poaceicola
FM180035.1,k__Eukaryota;p__Ascomycota;c__dothideomyceta;o__Pleosporales;f__Didymellaceae;g__Ascochyta;s__Ascochyta_fabae
MG865483.1,k__Eukaryota;p__Oomycota;c__Stramenopiles;o__Peronosporales;f__Peronosporaceae;g__Phytophthora;s__Phytophthora_cryptogea
MH866022.1,k__Eukaryota;p__Ascomycota;c__sordariomyceta;o__Hypocreales;f__Nectriaceae;g__Fusarium;s__Fusarium_oxysporum
JX499031.1,k__Eukaryota;p__Ascomycota;c__dothideomyceta;o__Pleosporales;f__Pleosporaceae;g__Alternaria;s__Alternaria_brassicicola
AF444666.1,k__Eukaryota;p__Basidiomycota;c__Opisthokonta;o__Tremellales;f__Rhynchogastremaceae;g__Papiliotrema;s__Papiliotrema_japonica
AB035046.1,k__Eukaryota;p__Basidiomycota;c__Opisthokonta;o__Tremellales;f__Rhynchogastremaceae;g__Papiliotrema;s__Papiliotrema_flavescens
FJ200221.1,k__Eukaryota;p__Ascomycota;c__sordariomyceta;o__Hypocreales;f__Nectriaceae;g__Fusarium;s__Fusarium_solani
MT588812.1,k__Eukaryota;p__Oomycota;c__Stramenopiles;o__Peronosporales;f__Peronosporaceae;g__Peronospora;s__Peronospora_belbahrii
FJ430779.1,k__Eukaryota;p__Ascomycota;c__sordariomyceta;o__Helotiales;f__unidentified;g__Acidea;s__Acidea_extrema
AF178401.1,k__Eukaryota;p__Ascomycota;c__sordariomyceta;o__Hypocreales;f__Nectriaceae;g__Fusarium;s__Fusarium_yamamotoi
AB208109.1,k__Eukaryota;p__Ascomycota;c__sordariomyceta;o__Hypocreales;f__Ophiocordycipitaceae;g__Polycephalomyces;s__Polycephalomyces_tomentosus
MG783385.1,k__Eukaryota;p__Oomycota;c__Stramenopiles;o__Peronosporales;f__Peronosporaceae;g__Phytophthora;s__Phytophthora_cactorum
KC584229.1,k__Eukaryota;p__Ascomycota;c__dothideomyceta;o__Pleosporales;f__Pleosporaceae;g__Alternaria;s__Alternaria_penicillata
KR909390.1,k__Eukaryota;p__Ascomycota;c__sordariomyceta;o__Hypocreales;f__Nectriaceae;g__Fusarium;s__Fusarium_nisikadoi
JN383493.1,k__Eukaryota;p__Ascomycota;c__dothideomyceta;o__Pleosporales;f__Pleosporaceae;g__Alternaria;s__Alternaria_phragmospora
LC061594.1,k__Eukaryota;p__Ascomycota;c__dothideomyceta;o__Pleosporales;f__Latoruaceae;g__Pseudoasteromassaria;s__Pseudoasteromassaria_fagi
MN450332.1,k__Eukaryota;p__Oomycota;c__Stramenopiles;o__Peronosporales;f__Peronosporaceae;g__Peronospora;s__Peronospora_glechomae
MK256970.1,k__Eukaryota;p__Ascomycota;c__sordariomyceta;o__Hypocreales;f__Nectriaceae;g__Fusarium;s__Fusarium_xylarioides
AF250820.1,k__Eukaryota;p__Ascomycota;c__dothideomyceta;o__Pleosporales;f__Leptosphaeriaceae;g__Neophaeosphaeria;s__Neophaeosphaeria_filamentosa
MW016403.1,k__Eukaryota;p__Ascomycota;c__sordariomyceta;o__Hypocreales;f__Nectriaceae;g__Fusarium;s__Fusarium_bambusarum
MW709918.1,k__Eukaryota;p__Basidiomycota;c__Opisthokonta;o__Tremellales;f__Bulleraceae;g__Bullera;s__Bullera_alba
AB915387.1,k__Eukaryota;p__Basidiomycota;c__Opisthokonta;o__Tremellales;f__Rhynchogastremaceae;g__Papiliotrema;s__Papiliotrema_siamensis
MK314552.1,k__Eukaryota;p__Ascomycota;c__sordariomyceta;o__Phacidiales;f__unidentified;g__Capturomyces;s__Capturomyces_funiculosus
U34556.1,k__Eukaryota;p__Ascomycota;c__sordariomyceta;o__Hypocreales;f__Nectriaceae;g__Fusarium;s__Fusarium_sacchari
MK540000.1,k__Eukaryota;p__Ascomycota;c__dothideomyceta;o__Pleosporales;f__Pleosporaceae;g__Pyrenophora;s__Pyrenophora_pseudoerythrospila
KR909391.1,k__Eukaryota;p__Ascomycota;c__sordariomyceta;o__Hypocreales;f__Nectriaceae;g__Fusarium;s__Fusarium_brevicatenulatum
KC584243.1,k__Eukaryota;p__Ascomycota;c__dothideomyceta;o__Pleosporales;f__Pleosporaceae;g__Alternaria;s__Alternaria_botrytis
KC584201.1,k__Eukaryota;p__Ascomycota;c__dothideomyceta;o__Pleosporales;f__Pleosporaceae;g__Alternaria;s__Alternaria_japonica
KC584230.1,k__Eukaryota;p__Ascomycota;c__dothideomyceta;o__Pleosporales;f__Pleosporaceae;g__Alternaria;s__Alternaria_embellisia
U34582.1,k__Eukaryota;p__Ascomycota;c__sordariomyceta;o__Hypocreales;f__Nectriaceae;g__Fusarium;s__Fusarium_beomiforme
MH730808.1,k__Eukaryota;p__Oomycota;c__Stramenopiles;o__Peronosporales;f__Peronosporaceae;g__Peronospora;s__Peronospora_illyrica
KC584213.1,k__Eukaryota;p__Ascomycota;c__dothideomyceta;o__Pleosporales;f__Pleosporaceae;g__Alternaria;s__Alternaria_radicina
KR859223.1,k__Eukaryota;p__Ascomycota;c__sordariomyceta;o__Helotiales;f__Dermateaceae;g__Pezicula;s__Pezicula_neosporulosa
KJ570693.1,k__Eukaryota;p__Ascomycota;c__sordariomyceta;o__Hypocreales;f__Nectriaceae;g__Thyronectria;s__Thyronectria_coryli
JN383482.1,k__Eukaryota;p__Ascomycota;c__dothideomyceta;o__Pleosporales;f__Pleosporaceae;g__Alternaria;s__Alternaria_cetera
OL989249.1,k__Eukaryota;p__Ascomycota;c__sordariomyceta;o__Hypocreales;f__Nectriaceae;g__Fusarium;s__Fusarium_pseudoanthophilum
OM959577.1,k__Eukaryota;p__Ascomycota;c__sordariomyceta;o__Hypocreales;f__Nectriaceae;g__Fusarium;s__Fusarium_verticillioides
MH887516.1,k__Eukaryota;p__Ascomycota;c__OSLEUM clade;o__Peltigerales;f__Nephromataceae;g__Nephroma;s__Nephroma_helveticum
AF444399.1,k__Eukaryota;p__Basidiomycota;c__Opisthokonta;o__Tremellales;f__Rhynchogastremaceae;g__Papiliotrema;s__Papiliotrema_pseudoalba
MN450331.1,k__Eukaryota;p__Oomycota;c__Stramenopiles;o__Peronosporales;f__Peronosporaceae;g__Peronospora;s__Peronospora_salviae-officinalis
MG865584.1,k__Eukaryota;p__Oomycota;c__Stramenopiles;o__Peronosporales;f__Peronosporaceae;g__Phytophthora;s__Phytophthora_rubi
HQ643754.1,k__Eukaryota;p__Oomycota;c__Stramenopiles;o__Pythiales;f__Pythiaceae;g__Elongisporangium;s__Elongisporangium_prolatum
MK804678.1,k__Eukaryota;p__Ascomycota;c__dothideomyceta;o__Pleosporales;f__Shiraiaceae;g__Rubroshiraia;s__Rubroshiraia_bambusae
MH859193.1,k__Eukaryota;p__Ascomycota;c__dothideomyceta;o__Pleosporales;f__Pleosporaceae;g__Curvularia;s__Curvularia_robusta
MG865573.1,k__Eukaryota;p__Oomycota;c__Stramenopiles;o__Peronosporales;f__Peronosporaceae;g__Phytophthora;s__Phytophthora_pseudolactucae
AJ301940.1,k__Eukaryota;p__Ascomycota;c__sordariomyceta;o__Glomerellales;f__Glomerellaceae;g__Colletotrichum;s__Colletotrichum_pisi
MF795782.1,k__Eukaryota;p__Ascomycota;c__dothideomyceta;o__Pleosporales;f__Cucurbitariaceae;g__Neocucurbitaria;s__Neocucurbitaria_rhamnioides
JX910369.1,k__Eukaryota;p__Basidiomycota;c__Opisthokonta;o__Tremellales;f__Rhynchogastremaceae;g__Papiliotrema;s__Papiliotrema_terrestris
MT090015.1,k__Eukaryota;p__Ascomycota;c__sordariomyceta;o__Hypocreales;f__Nectriaceae;g__Fusarium;s__Fusarium_nematophilum
LR583793.1,k__Eukaryota;p__Ascomycota;c__sordariomyceta;o__Hypocreales;f__Nectriaceae;g__Fusarium;s__Fusarium_neocosmosporiellum
MW173048.1,k__Eukaryota;p__Ascomycota;c__sordariomyceta;o__Hypocreales;f__Nectriaceae;g__Fusarium;s__[Neocosmospora]_citricola
FN428919.1,k__Eukaryota;p__Basidiomycota;c__Opisthokonta;o__Tremellales;f__Rhynchogastremaceae;g__Papiliotrema;s__Papiliotrema_nemorosus
DQ830986.1,k__Eukaryota;p__Basidiomycota;c__Opisthokonta;o__Tremellales;f__Rhynchogastremaceae;g__Papiliotrema;s__Papiliotrema_anemochoreius
MW045555.1,k__Eukaryota;p__Ascomycota;c__dothideomyceta;o__Pleosporales;f__Pleosporaceae;g__Bipolaris;s__Bipolaris_omanensis
KP330785.1,k__Eukaryota;p__Oomycota;c__Stramenopiles;o__Peronosporales;f__Peronosporaceae;g__Peronospora;s__Peronospora_atriplicis-hastatae
MT185538.1,k__Eukaryota;p__Ascomycota;c__dothideomyceta;o__Pleosporales;f__Neopyrenochaetaceae;g__Neopyrenochaeta;s__Neopyrenochaeta_annellidica
KP203864.1,k__Eukaryota;p__Basidiomycota;c__Opisthokonta;o__Tremellales;f__Rhynchogastremaceae;g__Papiliotrema;s__Papiliotrema_leoncinii
HQ643670.1,k__Eukaryota;p__Oomycota;c__Stramenopiles;o__Pythiales;f__Pythiaceae;g__Pythium;s__Pythium_jasmonium
KC584185.1,k__Eukaryota;p__Ascomycota;c__dothideomyceta;o__Pleosporales;f__Pleosporaceae;g__Alternaria;s__Alternaria_brassicae
MH857438.1,k__Eukaryota;p__Ascomycota;c__dothideomyceta;o__Pleosporales;f__Didymellaceae;g__Calophoma;s__Calophoma_vincetoxici
HM245331.1,k__Eukaryota;p__Ascomycota;c__sordariomyceta;o__Hypocreales;f__Nectriaceae;g__Dactylonectria;s__Dactylonectria_macrodidyma
GU237850.1,k__Eukaryota;p__Ascomycota;c__dothideomyceta;o__Pleosporales;f__Didymellaceae;g__Stagonosporopsis;s__Stagonosporopsis_trachelii
MG602692.1,k__Eukaryota;p__Oomycota;c__Stramenopiles;o__Peronosporales;f__Peronosporaceae;g__Phytophthora;s__Phytophthora_agathidicida
OM337559.1,k__Eukaryota;p__Ascomycota;c__dothideomyceta;o__Pleosporales;f__Pleosporaceae;g__Decorospora;s__Decorospora_gaudefroyi
LC370337.1,k__Eukaryota;p__Basidiomycota;c__Opisthokonta;o__Tremellales;f__Rhynchogastremaceae;g__Papiliotrema;s__Papiliotrema_plantarum
MN823591.1,k__Eukaryota;p__Ascomycota;c__dothideomyceta;o__Pleosporales;f__Didymellaceae;g__Vandijckomycella;s__Vandijckomycella_snoekiae
KC584209.1,k__Eukaryota;p__Ascomycota;c__dothideomyceta;o__Pleosporales;f__Pleosporaceae;g__Alternaria;s__Alternaria_panax
MG865500.1,k__Eukaryota;p__Oomycota;c__Stramenopiles;o__Peronosporales;f__Peronosporaceae;g__Phytophthora;s__Phytophthora_glovera
U34580.1,k__Eukaryota;p__Ascomycota;c__sordariomyceta;o__Hypocreales;f__Nectriaceae;g__Fusarium;s__Fusarium_concolor
MH414899.1,k__Eukaryota;p__Ascomycota;c__dothideomyceta;o__Pleosporales;f__Pleosporaceae;g__Curvularia;s__Curvularia_eragrosticola
DQ885897.1,k__Eukaryota;p__Ascomycota;c__dothideomyceta;o__Pleosporales;f__Didymosphaeriaceae;g__Paracamarosporium;s__Paracamarosporium_hawaiiense
MK496515.1,k__Eukaryota;p__Oomycota;c__Stramenopiles;o__Peronosporales;f__Peronosporaceae;g__Phytophthora;s__Phytophthora_andina
MF795772.1,k__Eukaryota;p__Ascomycota;c__dothideomyceta;o__Pleosporales;f__Cucurbitariaceae;g__Neocucurbitaria;s__Neocucurbitaria_cisticola
EU167595.1,k__Eukaryota;p__Ascomycota;c__dothideomyceta;o__Mycosphaerellales;f__Mycosphaerellaceae;g__Exutisphaerella;s__Exutisphaerella_laricina
MG865481.1,k__Eukaryota;p__Oomycota;c__Stramenopiles;o__Peronosporales;f__Peronosporaceae;g__Phytophthora;s__Phytophthora_crassamura
AF229457.1,k__Eukaryota;p__Ascomycota;c__dothideomyceta;o__Pleosporales;f__Pleosporaceae;g__Alternaria;s__Alternaria_cheiranthi
HQ643767.1,k__Eukaryota;p__Oomycota;c__Stramenopiles;o__Pythiales;f__Pythiaceae;g__Globisporangium;s__Globisporangium_rostratum
MK511908.1,k__Eukaryota;p__Ascomycota;c__dothideomyceta;o__Pleosporales;f__Phaeosphaeriaceae;g__Setophoma;s__Setophoma_longinqua
KF545335.1,k__Eukaryota;p__Ascomycota;c__sordariomyceta;o__Helotiales;f__Rutstroemiaceae;g__Lambertella;s__Lambertella_himalayensis
LR583730.1,k__Eukaryota;p__Ascomycota;c__sordariomyceta;o__Hypocreales;f__Nectriaceae;g__Fusarium;s__Fusarium_lichenicola
MN973577.1,k__Eukaryota;p__Ascomycota;c__dothideomyceta;o__Pleosporales;f__Didymellaceae;g__Calophoma;s__Calophoma_parvula
EU040234.1,k__Eukaryota;p__Ascomycota;c__dothideomyceta;o__Pleosporales;f__unidentified;g__Ochrocladosporium;s__Ochrocladosporium_frigidarii
HQ902155.1,k__Eukaryota;p__Ascomycota;c__sordariomyceta;o__Rhytismatales;f__Rhytismataceae;g__Lirula;s__Lirula_exigua
KR909429.1,k__Eukaryota;p__Ascomycota;c__sordariomyceta;o__Hypocreales;f__Nectriaceae;g__Fusarium;s__Fusarium_coeruleum
JX089580.1,k__Eukaryota;p__Ascomycota;c__dothideomyceta;o__Pleosporales;f__Pleosporaceae;g__Curvularia;s__Curvularia_miyakei
KF928459.1,k__Eukaryota;p__Ascomycota;c__leotiomyceta;o__Chaetothyriales;f__Cyphellophoraceae;g__Cyphellophora;s__Cyphellophora_sessilis
HQ643752.1,k__Eukaryota;p__Oomycota;c__Stramenopiles;o__Pythiales;f__Pythiaceae;g__Globisporangium;s__Globisporangium_polymastum
JF735308.1,k__Eukaryota;p__Ascomycota;c__sordariomyceta;o__Hypocreales;f__Nectriaceae;g__Neonectria;s__Neonectria_major
EU167604.1,k__Eukaryota;p__Ascomycota;c__dothideomyceta;o__Pleosporales;f__Phaeosphaeriaceae;g__Phaeosphaeria;s__Phaeosphaeria_rousseliana
KY090635.1,k__Eukaryota;p__Ascomycota;c__dothideomyceta;o__Pleosporales;f__Phaeosphaeriaceae;g__Phaeosphaeriopsis;s__Phaeosphaeriopsis_agavensis
KC584199.1,k__Eukaryota;p__Ascomycota;c__dothideomyceta;o__Pleosporales;f__Pleosporaceae;g__Alternaria;s__Alternaria_gypsophilae
MH361212.1,k__Eukaryota;p__Ascomycota;c__sordariomyceta;o__Hypocreales;f__Nectriaceae;g__Fusarium;s__Fusarium_culmorum
KR859168.1,k__Eukaryota;p__Ascomycota;c__sordariomyceta;o__Helotiales;f__Dermateaceae;g__Pezicula;s__Pezicula_corylina
MT734671.1,k__Eukaryota;p__Oomycota;c__Stramenopiles;o__Peronosporales;f__Peronosporaceae;g__Peronospora;s__Peronospora_elsholtziae
MW766990.1,k__Eukaryota;p__Ascomycota;c__sordariomyceta;o__Hypocreales;f__Nectriaceae;g__Fusarium;s__Fusarium_commune
AB205377.1,k__Eukaryota;p__Ascomycota;c__OSLEUM clade;o__Lecanorales;f__Parmeliaceae;g__Pannoparmelia;s__Pannoparmelia_angustata
MZ509541.1,k__Eukaryota;p__Ascomycota;c__sordariomyceta;o__Hypocreales;f__Nectriaceae;g__Fusarium;s__Fusarium_ruscicola
KM384107.1,k__Eukaryota;p__Basidiomycota;c__Opisthokonta;o__Tremellales;f__Rhynchogastremaceae;g__Papiliotrema;s__Papiliotrema_wisconsinensis
AY604526.1,k__Eukaryota;p__Ascomycota;c__dothideomyceta;o__Dothideales;f__Dothideaceae;g__Endoconidioma;s__Endoconidioma_populi
LC014599.1,k__Eukaryota;p__Ascomycota;c__dothideomyceta;o__Pleosporales;f__Lentitheciaceae;g__Tingoldiago;s__Tingoldiago_graminicola
AJ491250.1,k__Eukaryota;p__Streptophyta;c__fabids;o__Cucurbitales;f__Begoniaceae;g__Begonia;s__Begonia_ravenii
AY259059.1,k__Eukaryota;p__Basidiomycota;c__Opisthokonta;o__Golubeviales;f__Golubeviaceae;g__Golubevia;s__Golubevia_pallescens
AF178408.1,k__Eukaryota;p__Ascomycota;c__sordariomyceta;o__Hypocreales;f__Nectriaceae;g__Fusarium;s__Fusarium_bataticola
GU237895.1,k__Eukaryota;p__Ascomycota;c__dothideomyceta;o__Pleosporales;f__Didymellaceae;g__Phomatodes;s__Phomatodes_aubrietiae
MG793197.1,k__Eukaryota;p__Oomycota;c__Stramenopiles;o__Peronosporales;f__Peronosporaceae;g__Peronospora;s__Peronospora_effusa
AY425656.1,k__Eukaryota;p__Ascomycota;c__OSLEUM clade;o__Lecanorales;f__Psoraceae;g__Protoblastenia;s__Protoblastenia_rupestris
DQ028268.1,k__Eukaryota;p__Ascomycota;c__sordariomyceta;o__Thelebolales;f__Thelebolaceae;g__Thelebolus;s__Thelebolus_globosus
MN907098.1,k__Eukaryota;p__Ascomycota;c__saccharomyceta;o__Orbiliales;f__Orbiliaceae;g__Orbilia;s__Orbilia_corculispora
MK539972.1,k__Eukaryota;p__Ascomycota;c__dothideomyceta;o__Pleosporales;f__Pleosporaceae;g__Pyrenophora;s__Pyrenophora_avenicola
HQ643692.1,k__Eukaryota;p__Oomycota;c__Stramenopiles;o__Pythiales;f__Pythiaceae;g__Globisporangium;s__Globisporangium_mastophorum
U94678.1,k__Eukaryota;p__Ascomycota;c__sordariomyceta;o__Hypocreales;f__Nectriaceae;g__Fusarium;s__Fusarium_breviconum
KY499209.1,k__Eukaryota;p__Ascomycota;c__sordariomyceta;o__Hypocreales;f__Nectriaceae;g__Fusarium;s__Fusarium_fujikuroi
KF859928.1,k__Eukaryota;p__Ascomycota;c__sordariomyceta;o__Helotiales;f__Sclerotiniaceae;g__Sclerotinia;s__Sclerotinia_bulborum
HG779024.1,k__Eukaryota;p__Ascomycota;c__dothideomyceta;o__Pleosporales;f__Pleosporaceae;g__Curvularia;s__Curvularia_uncinata
MT215495.1,k__Eukaryota;p__Ascomycota;c__sordariomyceta;o__Hypocreales;f__Nectriaceae;g__Fusarium;s__Fusarium_cassiae
KY696717.1,k__Eukaryota;p__Ascomycota;c__sordariomyceta;o__Helotiales;f__Sclerotiniaceae;g__Mycopappus;s__Mycopappus_alni
MG865564.1,k__Eukaryota;p__Oomycota;c__Stramenopiles;o__Peronosporales;f__Peronosporaceae;g__Phytophthora;s__Phytophthora_phaseoli
KY368752.1,k__Eukaryota;p__Ascomycota;c__sordariomyceta;o__Thelebolales;f__Thelebolaceae;g__Ramgea;s__Ramgea_ozimecii
MF975533.1,k__Eukaryota;p__Ascomycota;c__saccharomyceta;o__Saccharomycetales;f__Trichomonascaceae;g__Wickerhamiella;s__Wickerhamiella_kurtzmanii
KX306775.1,k__Eukaryota;p__Ascomycota;c__dothideomyceta;o__Pleosporales;f__Phaeosphaeriaceae;g__Wojnowiciella;s__Wojnowiciella_leptocarpi
KT265252.1,k__Eukaryota;p__Ascomycota;c__dothideomyceta;o__Pleosporales;f__Pleosporaceae;g__Exserohilum;s__Exserohilum_curvatum
AF486626.1,k__Eukaryota;p__Ascomycota;c__dothideomyceta;o__Pleosporales;f__Phaeosphaeriaceae;g__Ophiosphaerella;s__Ophiosphaerella_korrae
MH858643.1,k__Eukaryota;p__Ascomycota;c__dothideomyceta;o__Pleosporales;f__Pleosporaceae;g__Exserohilum;s__Exserohilum_holmii
MT300294.1,k__Eukaryota;p__Ascomycota;c__sordariomyceta;o__Microascales;f__Microascaceae;g__Scopulariopsis;s__Scopulariopsis_brevicaulis
HQ643771.1,k__Eukaryota;p__Oomycota;c__Stramenopiles;o__Pythiales;f__Pythiaceae;g__Pythium;s__Pythium_scleroteichum
AF141168.1,k__Eukaryota;p__Ascomycota;c__sordariomyceta;o__Helotiales;f__Dermateaceae;g__Pezicula;s__Pezicula_alnicola
AF294699.1,k__Eukaryota;p__Basidiomycota;c__Opisthokonta;o__Ustilaginales;f__Ustilaginaceae;g__Moesziomyces;s__Moesziomyces_aphidis
JN383490.1,k__Eukaryota;p__Ascomycota;c__dothideomyceta;o__Pleosporales;f__Pleosporaceae;g__Alternaria;s__Alternaria_eureka
EU167586.1,k__Eukaryota;p__Ascomycota;c__dothideomyceta;o__Cladosporiales;f__Cladosporiaceae;g__Rachicladosporium;s__Rachicladosporium_iridis
LT158447.1,k__Eukaryota;p__Ascomycota;c__sordariomyceta;o__Helotiales;f__Rutstroemiaceae;g__Rutstroemia;s__Rutstroemia_sydowiana
MH414894.1,k__Eukaryota;p__Ascomycota;c__dothideomyceta;o__Pleosporales;f__Pleosporaceae;g__Curvularia;s__Curvularia_beerburrumensis
MG865478.1,k__Eukaryota;p__Oomycota;c__Stramenopiles;o__Peronosporales;f__Peronosporaceae;g__Phytophthora;s__Phytophthora_cocois
LT904865.1,k__Eukaryota;p__Ascomycota;c__sordariomyceta;o__Helotiales;f__Lachnaceae;g__Capitotricha;s__Capitotricha_rubi
KF499360.1,k__Eukaryota;p__Ascomycota;c__sordariomyceta;o__Helotiales;f__Rutstroemiaceae;g__Bicornispora;s__Bicornispora_seditiosa
MF490806.1,k__Eukaryota;p__Ascomycota;c__dothideomyceta;o__Pleosporales;f__Pleosporaceae;g__Bipolaris;s__Bipolaris_brachiariae
MH726097.1,k__Eukaryota;p__Ascomycota;c__sordariomyceta;o__Hypocreales;f__Neoacremoniaceae;g__Neoacremonium;s__Neoacremonium_vitellinum
MT734673.1,k__Eukaryota;p__Oomycota;c__Stramenopiles;o__Peronosporales;f__Peronosporaceae;g__Peronospora;s__Peronospora_chenopodii-ambrosioidis
LC485673.1,k__Eukaryota;p__Ascomycota;c__sordariomyceta;o__Hypocreales;f__Cordycipitaceae;g__Leptobacillium;s__Leptobacillium_symbioticum
KX394540.1,k__Eukaryota;p__Ascomycota;c__dothideomyceta;o__Pleosporales;f__Pleosporaceae;g__Pyrenophora;s__Pyrenophora_dictyoides
HQ643727.1,k__Eukaryota;p__Oomycota;c__Stramenopiles;o__Pythiales;f__Pythiaceae;g__Pythium;s__Pythium_pachycaule
KJ522474.1,k__Eukaryota;p__Ascomycota;c__dothideomyceta;o__Pleosporales;f__Phaeosphaeriaceae;g__Phaeosphaeriopsis;s__Phaeosphaeriopsis_glaucopunctata
OK330464.1,k__Eukaryota;p__Ascomycota;c__sordariomyceta;o__Hypocreales;f__Nectriaceae;g__Fusarium;s__Fusarium_virguliforme
KP330842.1,k__Eukaryota;p__Oomycota;c__Stramenopiles;o__Peronosporales;f__Peronosporaceae;g__Peronospora;s__Peronospora_lepigoni
KX512868.1,k__Eukaryota;p__Ascomycota;c__OSLEUM clade;o__Caliciales;f__Physciaceae;g__Heterodermia;s__Heterodermia_speciosa
KC584179.1,k__Eukaryota;p__Ascomycota;c__dothideomyceta;o__Pleosporales;f__Pleosporaceae;g__Alternaria;s__Alternaria_alternantherae
MG865583.1,k__Eukaryota;p__Oomycota;c__Stramenopiles;o__Peronosporales;f__Peronosporaceae;g__Phytophthora;s__Phytophthora_riparia
AB035045.1,k__Eukaryota;p__Basidiomycota;c__Opisthokonta;o__Tremellales;f__Rhynchogastremaceae;g__Papiliotrema;s__Papiliotrema_aurea
KP744446.1,k__Eukaryota;p__Ascomycota;c__dothideomyceta;o__Pleosporales;f__Leptosphaeriaceae;g__Leptosphaeria;s__Leptosphaeria_ebuli
AF178420.1,k__Eukaryota;p__Ascomycota;c__sordariomyceta;o__Hypocreales;f__Nectriaceae;g__Fusarium;s__Fusarium_mori
MH862560.1,k__Eukaryota;p__Ascomycota;c__sordariomyceta;o__Helotiales;f__Dermateaceae;g__Pezicula;s__Pezicula_sporulosa
Z80893.1,k__Eukaryota;p__Ascomycota;c__sordariomyceta;o__Helotiales;f__Rutstroemiaceae;g__Rutstroemia;s__Rutstroemia_firma
MG783380.1,k__Eukaryota;p__Oomycota;c__Stramenopiles;o__Peronosporales;f__Peronosporaceae;g__Phytophthora;s__Phytophthora_austrocedrae
AB205379.1,k__Eukaryota;p__Ascomycota;c__OSLEUM clade;o__Lecanorales;f__Parmeliaceae;g__Pannoparmelia;s__Pannoparmelia_wilsonii
KC584218.1,k__Eukaryota;p__Ascomycota;c__dothideomyceta;o__Pleosporales;f__Pleosporaceae;g__Alternaria;s__Alternaria_soliaridae
MF795769.1,k__Eukaryota;p__Ascomycota;c__dothideomyceta;o__Pleosporales;f__Cucurbitariaceae;g__Neocucurbitaria;s__Neocucurbitaria_aetnensis
ON231677.1,k__Eukaryota;p__Ascomycota;c__leotiomyceta;o__Eurotiales;f__Aspergillaceae;g__Aspergillus;s__Aspergillus_welwitschiae
AF444349.1,k__Eukaryota;p__Basidiomycota;c__Opisthokonta;o__Filobasidiales;f__Filobasidiaceae;g__Filobasidium;s__Filobasidium_oeirense
MF490822.1,k__Eukaryota;p__Ascomycota;c__dothideomyceta;o__Pleosporales;f__Pleosporaceae;g__Curvularia;s__Curvularia_variabilis
MW015778.1,k__Eukaryota;p__Basidiomycota;c__Opisthokonta;o__Malasseziales;f__Malasseziaceae;g__Malassezia;s__Malassezia_globosa
MF795761.1,k__Eukaryota;p__Ascomycota;c__dothideomyceta;o__Pleosporales;f__Cucurbitariaceae;g__Cucurbitaria;s__Cucurbitaria_oromediterranea
MF795774.1,k__Eukaryota;p__Ascomycota;c__dothideomyceta;o__Pleosporales;f__Cucurbitariaceae;g__Neocucurbitaria;s__Neocucurbitaria_populi
KT933645.1,k__Eukaryota;p__Ascomycota;c__dothideomyceta;o__Pleosporales;f__Pleosporaceae;g__Curvularia;s__Curvularia_aeria
KC584194.1,k__Eukaryota;p__Ascomycota;c__dothideomyceta;o__Pleosporales;f__Pleosporaceae;g__Alternaria;s__Alternaria_dianthicola
KP322984.1,k__Eukaryota;p__Basidiomycota;c__Opisthokonta;o__Entylomatales;f__unidentified;g__Tilletiopsis;s__Tilletiopsis_lilacina
DQ780374.1,k__Eukaryota;p__Ascomycota;c__dothideomyceta;o__Cladosporiales;f__Cladosporiaceae;g__Cladosporium;s__Cladosporium_salinae
MF795785.1,k__Eukaryota;p__Ascomycota;c__dothideomyceta;o__Pleosporales;f__Cucurbitariaceae;g__Neocucurbitaria;s__Neocucurbitaria_ribicola
DQ248313.1,k__Eukaryota;p__Ascomycota;c__saccharomyceta;o__Symbiotaphrinales;f__Symbiotaphrinaceae;g__Symbiotaphrina;s__Symbiotaphrina_buchneri
MZ081644.1,k__Eukaryota;p__Ascomycota;c__dothideomyceta;o__Pleosporales;f__Didymellaceae;g__Stagonosporopsis;s__Stagonosporopsis_cucurbitacearum
HQ643429.1,k__Eukaryota;p__Oomycota;c__Stramenopiles;o__Pythiales;f__Pythiaceae;g__Globisporangium;s__Globisporangium_aff._polymastum
KP330782.1,k__Eukaryota;p__Oomycota;c__Stramenopiles;o__Peronosporales;f__Peronosporaceae;g__Peronospora;s__Peronospora_minor
KX228265.1,k__Eukaryota;p__Ascomycota;c__dothideomyceta;o__Pleosporales;f__Parapyrenochaetaceae;g__Parapyrenochaeta;s__Parapyrenochaeta_acaciae
MH863558.1,k__Eukaryota;p__Ascomycota;c__sordariomyceta;o__Hypocreales;f__Nectriaceae;g__Fusarium;s__Fusarium_cicatricum
KT795475.1,k__Eukaryota;p__Oomycota;c__Stramenopiles;o__Peronosporales;f__Peronosporaceae;g__Peronospora;s__Peronospora_potentillae-anserinae
EU925376.1,k__Eukaryota;p__Oomycota;c__Stramenopiles;o__Peronosporales;f__Peronosporaceae;g__Phytophthora;s__Phytophthora_rosacearum
KT215224.1,k__Eukaryota;p__Ascomycota;c__saccharomyceta;o__Orbiliales;f__Orbiliaceae;g__Orbilia;s__Orbilia_patellarioides
MH864794.1,k__Eukaryota;p__Ascomycota;c__dothideomyceta;o__Pleosporales;f__Pleosporaceae;g__Pyrenophora;s__Pyrenophora_triseptata
MG865556.1,k__Eukaryota;p__Oomycota;c__Stramenopiles;o__Peronosporales;f__Peronosporaceae;g__Phytophthora;s__Phytophthora_ornamentata
MF062203.1,k__Eukaryota;p__Basidiomycota;c__Opisthokonta;o__Leucosporidiales;f__Leucosporidiaceae;g__Leucosporidium;s__Leucosporidium_golubevii
MT185475.1,k__Eukaryota;p__Ascomycota;c__sordariomyceta;o__Hypocreales;f__Nectriaceae;g__Fusarium;s__Fusarium_tricinctum
KY105422.1,k__Eukaryota;p__Basidiomycota;c__Opisthokonta;o__Tremellales;f__Sirobasidiaceae;g__Sirobasidium;s__Sirobasidium_magnum
KY783351.1,k__Eukaryota;p__Ascomycota;c__sordariomyceta;o__Hypocreales;f__Hypocreaceae;g__Hypomyces;s__Hypomyces_tubariicola
AY945224.1,k__Eukaryota;p__Ascomycota;c__sordariomyceta;o__Xylariales;f__Hypoxylaceae;g__Hypoxylon;s__Hypoxylon_fuscopurpureum
MT185495.1,k__Eukaryota;p__Ascomycota;c__sordariomyceta;o__Helotiales;f__Dermateaceae;g__Corniculariella;s__Corniculariella_rhamni
MW710688.1,k__Eukaryota;p__Basidiomycota;c__Opisthokonta;o__Tremellales;f__Bulleribasidiaceae;g__Vishniacozyma;s__Vishniacozyma_carnescens
HQ643479.1,k__Eukaryota;p__Oomycota;c__Stramenopiles;o__Pythiales;f__Pythiaceae;g__Globisporangium;s__Globisporangium_buismaniae
KX765298.1,k__Eukaryota;p__Ascomycota;c__dothideomyceta;o__Pleosporales;f__Phaeosphaeriaceae;g__Pseudophaeosphaeria;s__Pseudophaeosphaeria_rubi
FM180047.1,k__Eukaryota;p__Ascomycota;c__dothideomyceta;o__Pleosporales;f__Didymellaceae;g__Didymella;s__Didymella_pinodes
EU149807.1,k__Eukaryota;p__Basidiomycota;c__Opisthokonta;o__Kriegeriales;f__Camptobasidiaceae;g__Glaciozyma;s__Glaciozyma_martinii
KC584237.1,k__Eukaryota;p__Ascomycota;c__dothideomyceta;o__Pleosporales;f__Pleosporaceae;g__Alternaria;s__Alternaria_scirpicola
HQ643945.1,k__Eukaryota;p__Oomycota;c__Stramenopiles;o__Pythiales;f__Pythiaceae;g__Globisporangium;s__Globisporangium_uncinulatum
JN033383.1,k__Eukaryota;p__Ascomycota;c__sordariomyceta;o__Helotiales;f__Mollisiaceae;g__Loramyces;s__Loramyces_macrosporus
KC584200.1,k__Eukaryota;p__Ascomycota;c__dothideomyceta;o__Pleosporales;f__Pleosporaceae;g__Alternaria;s__Alternaria_helianthiinficiens
AY198306.3,k__Eukaryota;p__Oomycota;c__Stramenopiles;o__Peronosporales;f__Peronosporaceae;g__Pseudoperonospora;s__Pseudoperonospora_cubensis
KC584220.1,k__Eukaryota;p__Ascomycota;c__dothideomyceta;o__Pleosporales;f__Pleosporaceae;g__Alternaria;s__Alternaria_sonchi
MG865480.1,k__Eukaryota;p__Oomycota;c__Stramenopiles;o__Peronosporales;f__Peronosporaceae;g__Phytophthora;s__Phytophthora_constricta
MK539973.1,k__Eukaryota;p__Ascomycota;c__dothideomyceta;o__Pleosporales;f__Pleosporaceae;g__Pyrenophora;s__Pyrenophora_biseptata
MG865522.1,k__Eukaryota;p__Oomycota;c__Stramenopiles;o__Peronosporales;f__Peronosporaceae;g__Phytophthora;s__Phytophthora_lateralis
MH730804.1,k__Eukaryota;p__Oomycota;c__Stramenopiles;o__Peronosporales;f__Peronosporaceae;g__Peronospora;s__Peronospora_ficariae
HG779026.1,k__Eukaryota;p__Ascomycota;c__dothideomyceta;o__Pleosporales;f__Pleosporaceae;g__Curvularia;s__Curvularia_verruciformis
MG865477.1,k__Eukaryota;p__Oomycota;c__Stramenopiles;o__Peronosporales;f__Peronosporaceae;g__Phytophthora;s__Phytophthora_clandestina
DQ323700.1,k__Eukaryota;p__Ascomycota;c__dothideomyceta;o__Pleosporales;f__Pleosporaceae;g__Alternaria;s__Alternaria_porri
AF314985.1,k__Eukaryota;p__Basidiomycota;c__Opisthokonta;o__Tremellales;f__Bulleraceae;g__Bullera;s__Bullera_coprosmae
KC287235.1,k__Eukaryota;p__Ascomycota;c__sordariomyceta;o__Glomerellales;f__Plectosphaerellaceae;g__Paragibellulopsis;s__Paragibellulopsis_chrysanthemi
HQ643693.1,k__Eukaryota;p__Oomycota;c__Stramenopiles;o__Pythiales;f__Pythiaceae;g__Globisporangium;s__Globisporangium_megalacanthum
AY743636.1,k__Eukaryota;p__Basidiomycota;c__Opisthokonta;o__Malasseziales;f__Malasseziaceae;g__Malassezia;s__Malassezia_restricta
FJ790287.1,k__Eukaryota;p__Ascomycota;c__dothideomyceta;o__Cladosporiales;f__Cladosporiaceae;g__Toxicocladosporium;s__Toxicocladosporium_rubrigenum
KR183856.1,k__Eukaryota;p__Basidiomycota;c__Opisthokonta;o__Polyporales;f__Polyporaceae;g__Ganoderma;s__Ganoderma_destructans
LT964730.1,k__Eukaryota;p__Mucoromycota;c__Opisthokonta;o__Glomerales;f__Glomeraceae;g__Glomus;s__Glomus_tetrastratosum
AF444441.1,k__Eukaryota;p__Basidiomycota;c__Opisthokonta;o__Tremellales;f__Bulleraceae;g__Bullera;s__Bullera_unica
HM004232.1,k__Eukaryota;p__Oomycota;c__Stramenopiles;o__Peronosporales;f__Peronosporaceae;g__Phytophthora;s__Phytophthora_borealis
KT389480.1,k__Eukaryota;p__Ascomycota;c__dothideomyceta;o__Pleosporales;f__Didymellaceae;g__Ascochyta;s__Ascochyta_koolunga
AY198253.3,k__Eukaryota;p__Oomycota;c__Stramenopiles;o__Peronosporales;f__Peronosporaceae;g__Hyaloperonospora;s__Hyaloperonospora_sisymbrii-sophiae
DQ323697.1,k__Eukaryota;p__Ascomycota;c__dothideomyceta;o__Pleosporales;f__Pleosporaceae;g__Alternaria;s__Alternaria_infectoria
KT795480.1,k__Eukaryota;p__Oomycota;c__Stramenopiles;o__Peronosporales;f__Peronosporaceae;g__Peronospora;s__Peronospora_agrimoniae
HF934952.1,k__Eukaryota;p__Ascomycota;c__dothideomyceta;o__Pleosporales;f__Pleosporaceae;g__Exserohilum;s__Exserohilum_pedicellatum
JF740263.1,k__Eukaryota;p__Ascomycota;c__dothideomyceta;o__Pleosporales;f__Pyrenochaetopsidaceae;g__Xenopyrenochaetopsis;s__Xenopyrenochaetopsis_pratorum
KP330778.1,k__Eukaryota;p__Oomycota;c__Stramenopiles;o__Peronosporales;f__Peronosporaceae;g__Peronospora;s__Peronospora_litoralis
MG865577.1,k__Eukaryota;p__Oomycota;c__Stramenopiles;o__Peronosporales;f__Peronosporaceae;g__Phytophthora;s__Phytophthora_quercetorum
JQ781877.1,k__Eukaryota;p__Basidiomycota;c__Opisthokonta;o__Polyporales;f__Polyporaceae;g__Ganoderma;s__Ganoderma_sichuanense
AF229488.1,k__Eukaryota;p__Ascomycota;c__dothideomyceta;o__Pleosporales;f__Pleosporaceae;g__Alternaria;s__Alternaria_chartarum
HQ643415.1,k__Eukaryota;p__Oomycota;c__Stramenopiles;o__Pythiales;f__Pythiaceae;g__Pythium;s__Pythium_adhaerens
MN318465.1,k__Eukaryota;p__Basidiomycota;c__Opisthokonta;o__Polyporales;f__Polyporaceae;g__Amauroderma;s__Amauroderma_deviatum
DQ780364.1,k__Eukaryota;p__Ascomycota;c__dothideomyceta;o__Cladosporiales;f__Cladosporiaceae;g__Cladosporium;s__Cladosporium_halotolerans
KX784246.1,k__Eukaryota;p__Ascomycota;c__dothideomyceta;o__Pleosporales;f__Phaeosphaeriaceae;g__Paraphoma;s__Paraphoma_radicina
MK345450.1,k__Eukaryota;p__Basidiomycota;c__Opisthokonta;o__Polyporales;f__Polyporaceae;g__Ganoderma;s__Ganoderma_sanduense
MG865503.1,k__Eukaryota;p__Oomycota;c__Stramenopiles;o__Peronosporales;f__Peronosporaceae;g__Phytophthora;s__Phytophthora_gregata
MN557838.1,k__Eukaryota;p__Oomycota;c__Stramenopiles;o__Peronosporales;f__Peronosporaceae;g__Phytophthora;s__Phytophthora_aysenensis
FJ154771.1,k__Eukaryota;p__Basidiomycota;c__Opisthokonta;o__Polyporales;f__Polyporaceae;g__Trachydermella;s__Trachydermella_tsunodae
MK387925.1,k__Eukaryota;p__Ascomycota;c__dothideomyceta;o__Pleosporales;f__Leptosphaeriaceae;g__Sphaerellopsis;s__Sphaerellopsis_isthmospora
KJ654427.1,k__Eukaryota;p__Basidiomycota;c__Opisthokonta;o__Polyporales;f__Polyporaceae;g__Ganoderma;s__Ganoderma_steyaertanum
HM004512.1,k__Eukaryota;p__Oomycota;c__Stramenopiles;o__Peronosporales;f__Peronosporaceae;g__Plasmopara;s__Plasmopara_pusilla
MG783382.1,k__Eukaryota;p__Oomycota;c__Stramenopiles;o__Peronosporales;f__Peronosporaceae;g__Phytophthora;s__Phytophthora_boehmeriae
MK799996.1,k__Eukaryota;p__Ascomycota;c__dothideomyceta;o__Pleosporales;f__Pleosporaceae;g__Curvularia;s__Curvularia_subpapendorfii
OP020179.1,k__Eukaryota;p__Oomycota;c__Stramenopiles;o__Peronosporales;f__Peronosporaceae;g__Phytophthora;s__Phytophthora_nicotianae
KY982930.1,k__Eukaryota;p__Oomycota;c__Stramenopiles;o__Peronosporales;f__Peronosporaceae;g__Phytophthora;s__Phytophthora_oleae
KR476724.1,k__Eukaryota;p__Ascomycota;c__dothideomyceta;o__Pleosporales;f__Didymosphaeriaceae;g__Xenocamarosporium;s__Xenocamarosporium_acaciae
MW750237.1,k__Eukaryota;p__Basidiomycota;c__Opisthokonta;o__Polyporales;f__Polyporaceae;g__Ganoderma;s__Ganoderma_dianzhongense
MK802143.1,k__Eukaryota;p__Basidiomycota;c__Opisthokonta;o__Polyporales;f__Polyporaceae;g__Abundisporus;s__Abundisporus_quercicola
HM004513.1,k__Eukaryota;p__Oomycota;c__Stramenopiles;o__Peronosporales;f__Peronosporaceae;g__Plasmopara;s__Plasmopara_nivea
MF795780.1,k__Eukaryota;p__Ascomycota;c__dothideomyceta;o__Pleosporales;f__Cucurbitariaceae;g__Neocucurbitaria;s__Neocucurbitaria_rhamnicola
MG520953.1,k__Eukaryota;p__Ascomycota;c__dothideomyceta;o__Pleosporales;f__Phaeosphaeriaceae;g__Pseudoophiobolus;s__Pseudoophiobolus_subhyalinisporus
MT177228.1,k__Eukaryota;p__Oomycota;c__Stramenopiles;o__Pythiales;f__Pythiaceae;g__Pythium;s__Pythium_tracheiphilum
MG865546.1,k__Eukaryota;p__Oomycota;c__Stramenopiles;o__Peronosporales;f__Peronosporaceae;g__Phytophthora;s__Phytophthora_multivora
MG865532.1,k__Eukaryota;p__Oomycota;c__Stramenopiles;o__Peronosporales;f__Peronosporaceae;g__Phytophthora;s__Phytophthora_medicaginis
KY752809.1,k__Eukaryota;p__Ascomycota;c__dothideomyceta;o__Cladosporiales;f__Cladosporiaceae;g__Toxicocladosporium;s__Toxicocladosporium_cacti
KY611899.1,k__Eukaryota;p__Ascomycota;c__OSLEUM clade;o__Ostropales;f__Stictidaceae;g__Robergea;s__Robergea_cubicularis
KU604037.1,k__Eukaryota;p__Ascomycota;c__sordariomyceta;o__Hypocreales;f__Nectriaceae;g__Fusarium;s__Fusarium_acutatum
MH857619.1,k__Eukaryota;p__Basidiomycota;c__Opisthokonta;o__Russulales;f__Peniophoraceae;g__Peniophora;s__Peniophora_laeta
MH858205.1,k__Eukaryota;p__Basidiomycota;c__Opisthokonta;o__Russulales;f__Peniophoraceae;g__Peniophora;s__Peniophora_tamaricicola
MG865591.1,k__Eukaryota;p__Oomycota;c__Stramenopiles;o__Peronosporales;f__Peronosporaceae;g__Phytophthora;s__Phytophthora_tentaculata
AY661682.1,k__Eukaryota;p__Ascomycota;c__OSLEUM clade;o__Ostropales;f__Stictidaceae;g__Carestiella;s__Carestiella_socia
MT026405.1,k__Eukaryota;p__Ascomycota;c__sordariomyceta;o__Helotiales;f__Mollisiaceae;g__Mollisia;s__Mollisia_diesbachiana
MW724098.1,k__Eukaryota;p__Basidiomycota;c__Opisthokonta;o__Tremellales;f__Bulleribasidiaceae;g__Vishniacozyma;s__Vishniacozyma_tephrensis
LT158413.1,k__Eukaryota;p__Ascomycota;c__sordariomyceta;o__Helotiales;f__Sclerotiniaceae;g__Sclerencoelia;s__Sclerencoelia_fraxinicola
MN265834.1,k__Eukaryota;p__Basidiomycota;c__Opisthokonta;o__Cantharellales;f__Ceratobasidiaceae;g__Rhizoctonia;s__Rhizoctonia_bicornis
MN200199.1,k__Eukaryota;p__Ascomycota;c__dothideomyceta;o__Dothideales;f__Saccotheciaceae;g__Aureobasidium;s__Aureobasidium_pullulans
KJ710467.1,k__Eukaryota;p__Ascomycota;c__sordariomyceta;o__Phacidiales;f__Helicogoniaceae;g__Eleutheromyces;s__Eleutheromyces_pseudosubulatus
HQ643755.1,k__Eukaryota;p__Oomycota;c__Stramenopiles;o__Pythiales;f__Pythiaceae;g__Pythium;s__Pythium_pyrilobum
KX870113.1,k__Eukaryota;p__Basidiomycota;c__Opisthokonta;o__Cantharellales;f__Ceratobasidiaceae;g__Ceratobasidium;s__Ceratobasidium_chavesanum
HQ643858.1,k__Eukaryota;p__Oomycota;c__Stramenopiles;o__Pythiales;f__Pythiaceae;g__Globisporangium;s__Globisporangium_terrestre
JQ044439.1,k__Eukaryota;p__Ascomycota;c__dothideomyceta;o__Pleosporales;f__Leptosphaeriaceae;g__Leptosphaeria;s__Leptosphaeria_proteicola
MW621494.1,k__Eukaryota;p__Ascomycota;c__dothideomyceta;o__Pleosporales;f__Phaeosphaeriaceae;g__Neosetophoma;s__Neosetophoma_buxi
MK539969.1,k__Eukaryota;p__Ascomycota;c__dothideomyceta;o__Pleosporales;f__Phaeosphaeriaceae;g__Setophoma;s__Setophoma_pseudosacchari
KY794720.1,k__Eukaryota;p__Ascomycota;c__saccharomyceta;o__Pezizales;f__Sarcosomataceae;g__Donadinia;s__Donadinia_seaveri
AB179837.1,k__Eukaryota;p__Ascomycota;c__dothideomyceta;o__Pleosporales;f__Pleosporaceae;g__Bipolaris;s__Bipolaris_stenospila
AY755334.1,k__Eukaryota;p__Ascomycota;c__sordariomyceta;o__Helotiales;f__Rutstroemiaceae;g__Lanzia;s__Lanzia_allantospora
MK314564.1,k__Eukaryota;p__Ascomycota;c__sordariomyceta;o__Leotiales;f__Tympanidaceae;g__Tympanis;s__Tympanis_acericola
MN688804.1,k__Eukaryota;p__Ascomycota;c__dothideomyceta;o__Pleosporales;f__Pleosporaceae;g__Curvularia;s__Curvularia_canadensis
MK539998.1,k__Eukaryota;p__Ascomycota;c__dothideomyceta;o__Pleosporales;f__Pleosporaceae;g__Pyrenophora;s__Pyrenophora_poae
HQ643494.1,k__Eukaryota;p__Oomycota;c__Stramenopiles;o__Pythiales;f__Pythiaceae;g__Pythium;s__Pythium_catenulatum
MH864418.1,k__Eukaryota;p__Basidiomycota;c__Opisthokonta;o__Cantharellales;f__Ceratobasidiaceae;g__Ceratobasidium;s__Ceratobasidium_ramicola
MT762301.1,k__Eukaryota;p__Oomycota;c__Stramenopiles;o__Peronosporales;f__Peronosporaceae;g__Phytophthora;s__Phytophthora_emzansi
KJ372262.1,k__Eukaryota;p__Oomycota;c__Stramenopiles;o__Peronosporales;f__Peronosporaceae;g__Phytophthora;s__Phytophthora_condilina
AF141167.1,k__Eukaryota;p__Ascomycota;c__sordariomyceta;o__Helotiales;f__Dermateaceae;g__Pezicula;s__Pezicula_heterochroma
MN450325.1,k__Eukaryota;p__Oomycota;c__Stramenopiles;o__Peronosporales;f__Peronosporaceae;g__Peronospora;s__Peronospora_lamii
LT631316.1,k__Eukaryota;p__Ascomycota;c__dothideomyceta;o__Pleosporales;f__Pleosporaceae;g__Exserohilum;s__Exserohilum_khartoumense
GU237816.1,k__Eukaryota;p__Ascomycota;c__dothideomyceta;o__Pleosporales;f__Didymellaceae;g__Allophoma;s__Allophoma_piperis
KF267869.1,k__Eukaryota;p__Ascomycota;c__leotiomyceta;o__Eurotiales;f__Aspergillaceae;g__Aspergillus;s__Aspergillus_sclerotialis
KF499365.1,k__Eukaryota;p__Ascomycota;c__sordariomyceta;o__Helotiales;f__Rutstroemiaceae;g__Lambertella;s__Lambertella_palmeri
MF784744.1,k__Eukaryota;p__Oomycota;c__Stramenopiles;o__Peronosporales;f__Peronosporaceae;g__Peronospora;s__Peronospora_alsinearum
ON130635.1,k__Eukaryota;p__Ascomycota;c__dothideomyceta;o__Pleosporales;f__Pleosporaceae;g__Curvularia;s__Curvularia_lunata
HQ643384.1,k__Eukaryota;p__Oomycota;c__Stramenopiles;o__Pythiales;f__Pythiaceae;g__Phytopythium;s__Phytopythium_helicoides
EU218892.1,k__Eukaryota;p__Basidiomycota;c__Opisthokonta;o__Cantharellales;f__Ceratobasidiaceae;g__Thanatephorus;s__Thanatephorus_ochraceus
KC478761.1,k__Eukaryota;p__Oomycota;c__Stramenopiles;o__Peronosporales;f__Peronosporaceae;g__Phytophthora;s__Phytophthora_dauci
JN033448.1,k__Eukaryota;p__Ascomycota;c__sordariomyceta;o__Helotiales;f__Hyaloscyphaceae;g__Hyphopeziza;s__Hyphopeziza_pygmaea
AB904505.1,k__Eukaryota;p__Ascomycota;c__sordariomyceta;o__Helotiales;f__Rutstroemiaceae;g__Poculum;s__Poculum_pseudosydowianum
KY947838.1,k__Eukaryota;p__Ascomycota;c__OSLEUM clade;o__Umbilicariales;f__Umbilicariaceae;g__Umbilicaria;s__Umbilicaria_polyrrhiza
JN886792.1,k__Eukaryota;p__Ascomycota;c__dothideomyceta;o__Dothideales;f__Saccotheciaceae;g__Aureobasidium;s__Aureobasidium_bupleuri
HQ643434.1,k__Eukaryota;p__Oomycota;c__Stramenopiles;o__Pythiales;f__Pythiaceae;g__Pythium;s__Pythium_amasculinum
MZ159408.1,k__Eukaryota;p__Ascomycota;c__sordariomyceta;o__Helotiales;f__Calloriaceae;g__Diplonaevia;s__Diplonaevia_bresadolae
MG865469.1,k__Eukaryota;p__Oomycota;c__Stramenopiles;o__Peronosporales;f__Peronosporaceae;g__Phytophthora;s__Phytophthora_captiosa
KJ522476.1,k__Eukaryota;p__Ascomycota;c__dothideomyceta;o__Pleosporales;f__Phaeosphaeriaceae;g__Phaeosphaeriopsis;s__Phaeosphaeriopsis_triseptata
KC478768.1,k__Eukaryota;p__Oomycota;c__Stramenopiles;o__Peronosporales;f__Peronosporaceae;g__Phytophthora;s__Phytophthora_lactucae
KT389545.1,k__Eukaryota;p__Ascomycota;c__dothideomyceta;o__Pleosporales;f__Didymellaceae;g__Stagonosporopsis;s__Stagonosporopsis_helianthi
JN943663.1,k__Eukaryota;p__Ascomycota;c__dothideomyceta;o__Pleosporales;f__Pleosporaceae;g__Pyrenophora;s__Pyrenophora_tetrarrhenae
KC584233.1,k__Eukaryota;p__Ascomycota;c__dothideomyceta;o__Pleosporales;f__Pleosporaceae;g__Alternaria;s__Alternaria_hyacinthi
FJ231393.1,k__Eukaryota;p__Basidiomycota;c__Opisthokonta;o__Cantharellales;f__Ceratobasidiaceae;g__Ceratorhiza;s__Ceratorhiza_rhizodes
AY689131.1,k__Eukaryota;p__Oomycota;c__Stramenopiles;o__Peronosporales;f__Peronosporaceae;g__Phytophthora;s__Phytophthora_x_alni
KJ174416.1,k__Eukaryota;p__Ascomycota;c__dothideomyceta;o__Pleosporales;f__Pleosporaceae;g__Bipolaris;s__Bipolaris_tetramera
MT707332.1,k__Eukaryota;p__Oomycota;c__Stramenopiles;o__Peronosporales;f__Peronosporaceae;g__Phytophthora;s__Phytophthora_alpina
MG865486.1,k__Eukaryota;p__Oomycota;c__Stramenopiles;o__Peronosporales;f__Peronosporaceae;g__Phytophthora;s__Phytophthora_erythroseptica
MT952891.1,k__Eukaryota;p__Ascomycota;c__sordariomyceta;o__Helotiales;f__Cenangiaceae;g__Mycosphaerangium;s__Mycosphaerangium_quercinum
HQ643579.1,k__Eukaryota;p__Oomycota;c__Stramenopiles;o__Pythiales;f__Pythiaceae;g__Globisporangium;s__Globisporangium_intermedium
MZ753925.1,k__Eukaryota;p__Oomycota;c__Stramenopiles;o__Peronosporales;f__Peronosporaceae;g__Phytophthora;s__Phytophthora_transitoria
HQ643716.1,k__Eukaryota;p__Oomycota;c__Stramenopiles;o__Pythiales;f__Pythiaceae;g__Pythium;s__Pythium_oligandrum
MT573512.1,k__Eukaryota;p__Ascomycota;c__sordariomyceta;o__Hypocreales;f__Hypocreaceae;g__Trichoderma;s__Trichoderma_longipile
MH869651.1,k__Eukaryota;p__Basidiomycota;c__Opisthokonta;o__Russulales;f__Peniophoraceae;g__Peniophora;s__Peniophora_versicolor
KC584241.1,k__Eukaryota;p__Ascomycota;c__dothideomyceta;o__Pleosporales;f__Pleosporaceae;g__Alternaria;s__Alternaria_leucanthemi
MT185541.1,k__Eukaryota;p__Ascomycota;c__sordariomyceta;o__Helotiales;f__Dermateaceae;g__Pezicula;s__Pezicula_italica
AF071332.1,k__Eukaryota;p__Ascomycota;c__dothideomyceta;o__Pleosporales;f__Pleosporaceae;g__Bipolaris;s__Bipolaris_sorghicola
KU517152.1,k__Eukaryota;p__Oomycota;c__Stramenopiles;o__Peronosporales;f__Peronosporaceae;g__Phytophthora;s__Phytophthora_flexuosa
U19041.1,k__Eukaryota;p__Ascomycota;c__sordariomyceta;o__Hypocreales;f__Ophiocordycipitaceae;g__Tolypocladium;s__Tolypocladium_tundrense
EU513600.1,k__Eukaryota;p__Oomycota;c__Stramenopiles;o__Peronosporales;f__Peronosporaceae;g__Peronospora;s__Peronospora_perillae
MH327805.1,k__Eukaryota;p__Ascomycota;c__sordariomyceta;o__Helotiales;f__Neolauriomycetaceae;g__Neolauriomyces;s__Neolauriomyces_eucalypti
MG783384.1,k__Eukaryota;p__Oomycota;c__Stramenopiles;o__Peronosporales;f__Peronosporaceae;g__Phytophthora;s__Phytophthora_brassicae
AY143557.1,k__Eukaryota;p__Basidiomycota;c__Opisthokonta;o__Trichosporonales;f__Trichosporonaceae;g__Cutaneotrichosporon;s__Cutaneotrichosporon_dermatis
MG736181.1,k__Eukaryota;p__Ascomycota;c__sordariomyceta;o__Hypocreales;f__Nectriaceae;g__Fusarium;s__Fusarium_poae
KM235691.1,k__Eukaryota;p__Basidiomycota;c__Opisthokonta;o__Malasseziales;f__Malasseziaceae;g__Malassezia;s__Malassezia_arunalokei
HQ643707.1,k__Eukaryota;p__Oomycota;c__Stramenopiles;o__Pythiales;f__Pythiaceae;g__Globisporangium;s__Globisporangium_nagaii
EF010926.1,k__Eukaryota;p__Ascomycota;c__dothideomyceta;o__Tubeufiales;f__Tubeufiaceae;g__Helicoma;s__Helicoma_isiola
AF444423.1,k__Eukaryota;p__Basidiomycota;c__Opisthokonta;o__Trichosporonales;f__Trichosporonaceae;g__Cutaneotrichosporon;s__Cutaneotrichosporon_mucoides
KJ707094.1,k__Eukaryota;p__Ascomycota;c__saccharomyceta;o__Saccharomycetales;f__Pichiaceae;g__Pichia;s__Pichia_kluyveri
MH859854.1,k__Eukaryota;p__Mucoromycota;c__Opisthokonta;o__Mucorales;f__Mucoraceae;g__Mucor;s__Mucor_bacilliformis
MF164487.1,k__Eukaryota;p__Ascomycota;c__sordariomyceta;o__Hypocreales;f__Nectriaceae;g__Fusarium;s__Fusarium_graminearum
LC595781.1,k__Eukaryota;p__Oomycota;c__Stramenopiles;o__Peronosporales;f__Peronosporaceae;g__Phytophthora;s__Phytophthora_asparagi
DQ641321.1,k__Eukaryota;p__Mucoromycota;c__Opisthokonta;o__Mucorales;f__Rhizopodaceae;g__Rhizopus;s__Rhizopus_reflexus
KT222431.1,k__Eukaryota;p__Ascomycota;c__saccharomyceta;o__Orbiliales;f__Orbiliaceae;g__Orbilia;s__Orbilia_epipora
HE962457.1,k__Eukaryota;p__Mucoromycota;c__Opisthokonta;o__Diversisporales;f__Gigasporaceae;g__Dentiscutata;s__Dentiscutata_savannicola
FM986798.1,k__Eukaryota;p__Ascomycota;c__sordariomyceta;o__Hypocreales;f__Bionectriaceae;g__Geosmithia;s__Geosmithia_microcorthyli
MH861018.1,k__Eukaryota;p__Ascomycota;c__sordariomyceta;o__Hypocreales;f__Nectriaceae;g__Fusarium;s__Fusarium_robustum
MZ145339.1,k__Eukaryota;p__Ascomycota;c__dothideomyceta;o__Pleosporales;f__Pleosporaceae;g__Curvularia;s__Curvularia_mebaldsii
EF473864.1,k__Eukaryota;p__Ascomycota;c__sordariomyceta;o__Hypocreales;f__Clavicipitaceae;g__Claviceps;s__Claviceps_eriochloae
MG865505.1,k__Eukaryota;p__Oomycota;c__Stramenopiles;o__Peronosporales;f__Peronosporaceae;g__Phytophthora;s__Phytophthora_heveae
HQ643134.1,k__Eukaryota;p__Oomycota;c__Stramenopiles;o__Pythiales;f__Pythiaceae;g__Phytopythium;s__Phytopythium_kandeliae
HQ643131.1,k__Eukaryota;p__Oomycota;c__Stramenopiles;o__Myzocytiopsidales;f__Eurychasmataceae;g__Eurychasma;s__Eurychasma_dicksonii
MH333281.1,k__Eukaryota;p__Ascomycota;c__sordariomyceta;o__Hypocreales;f__Nectriaceae;g__Fusarium;s__Fusarium_vanettenii
MT177265.1,k__Eukaryota;p__Basidiomycota;c__Opisthokonta;o__Cantharellales;f__Ceratobasidiaceae;g__Rhizoctonia;s__Rhizoctonia_solani
MT762306.1,k__Eukaryota;p__Oomycota;c__Stramenopiles;o__Peronosporales;f__Peronosporaceae;g__Phytophthora;s__Phytophthora_afrocarpa
KU175888.1,k__Eukaryota;p__Basidiomycota;c__Opisthokonta;o__Cantharellales;f__Ceratobasidiaceae;g__Ceratobasidium;s__Ceratobasidium_niltonsouzanum
MW175346.1,k__Eukaryota;p__Ascomycota;c__dothideomyceta;o__Pleosporales;f__Pleosporaceae;g__Neocamarosporium;s__Neocamarosporium_leipoldtiae
HM802135.1,k__Eukaryota;p__Basidiomycota;c__Opisthokonta;o__Trichosporonales;f__Trichosporonaceae;g__Cutaneotrichosporon;s__Cutaneotrichosporon_oleaginosum
HG977201.1,k__Eukaryota;p__Mucoromycota;c__Opisthokonta;o__Archaeosporales;f__Archaeosporaceae;g__Archaeospora;s__Archaeospora_spainiae
AF444415.1,k__Eukaryota;p__Basidiomycota;c__Opisthokonta;o__Trichosporonales;f__Trichosporonaceae;g__Cutaneotrichosporon;s__Cutaneotrichosporon_moniliiforme
KJ707106.1,k__Eukaryota;p__Basidiomycota;c__Opisthokonta;o__Sporidiobolales;f__Sporidiobolaceae;g__Rhodotorula;s__Rhodotorula_babjevae
MN450322.1,k__Eukaryota;p__Oomycota;c__Stramenopiles;o__Peronosporales;f__Peronosporaceae;g__Peronospora;s__Peronospora_teucrii
MG136840.1,k__Eukaryota;p__Basidiomycota;c__Opisthokonta;o__Thelephorales;f__Thelephoraceae;g__Tomentella;s__Tomentella_lammiensis
MT441588.1,k__Eukaryota;p__Ascomycota;c__sordariomyceta;o__Hypocreales;f__Nectriaceae;g__Fusarium;s__Fusarium_sambucinum
KY462820.1,k__Eukaryota;p__Ascomycota;c__sordariomyceta;o__Helotiales;f__Calloriaceae;g__Duebenia;s__Duebenia_compta
AB027369.1,k__Eukaryota;p__Ascomycota;c__sordariomyceta;o__Hypocreales;f__Ophiocordycipitaceae;g__Tolypocladium;s__Tolypocladium_paradoxum
AB255605.1,k__Eukaryota;p__Ascomycota;c__sordariomyceta;o__Hypocreales;f__Clavicipitaceae;g__Claviceps;s__Claviceps_panicoidearum
MW016559.1,k__Eukaryota;p__Ascomycota;c__sordariomyceta;o__Hypocreales;f__Nectriaceae;g__Fusarium;s__Fusarium_stilboides
MT085737.1,k__Eukaryota;p__Chytridiomycota;c__Opisthokonta;o__Neocallimastigales;f__Neocallimastigaceae;g__Aklioshbomyces;s__Aklioshbomyces_papillarum
MN047087.1,k__Eukaryota;p__Ascomycota;c__dothideomyceta;o__Pleosporales;f__unidentified;g__Amarenographium;s__Amarenographium_ammophilicola
MK894297.1,k__Eukaryota;p__Ascomycota;c__sordariomyceta;o__Helotiales;f__unidentified;g__Pseudotryblidium;s__Pseudotryblidium_neesii
MG865472.1,k__Eukaryota;p__Oomycota;c__Stramenopiles;o__Peronosporales;f__Peronosporaceae;g__Phytophthora;s__Phytophthora_chrysanthemi
AB457006.1,k__Eukaryota;p__Ascomycota;c__sordariomyceta;o__Hypocreales;f__Ophiocordycipitaceae;g__Tolypocladium;s__Tolypocladium_ovalisporum
MT279746.1,k__Eukaryota;p__Basidiomycota;c__Opisthokonta;o__Trichosporonales;f__Trichosporonaceae;g__Cutaneotrichosporon;s__Cutaneotrichosporon_jirovecii
KF777144.1,k__Eukaryota;p__Ascomycota;c__sordariomyceta;o__Hypocreales;f__Nectriaceae;g__Chaetopsina;s__Chaetopsina_pini
KT736106.1,k__Eukaryota;p__Mucoromycota;c__Opisthokonta;o__Mucorales;f__Mucoraceae;g__Mucor;s__Mucor_lilianae
FJ746648.1,k__Eukaryota;p__Oomycota;c__Stramenopiles;o__Peronosporales;f__Peronosporaceae;g__Phytophthora;s__Phytophthora_pistaciae
MZ159482.1,k__Eukaryota;p__Ascomycota;c__sordariomyceta;o__Helotiales;f__Heterosphaeriaceae;g__Heterosphaeria;s__Heterosphaeria_patella
MK442597.1,k__Eukaryota;p__Ascomycota;c__dothideomyceta;o__Pleosporales;f__Dothidotthiaceae;g__Dothidotthia;s__Dothidotthia_negundinicola
MT734670.1,k__Eukaryota;p__Oomycota;c__Stramenopiles;o__Peronosporales;f__Peronosporaceae;g__Peronospora;s__Peronospora_clinopodii
MG865491.1,k__Eukaryota;p__Oomycota;c__Stramenopiles;o__Peronosporales;f__Peronosporaceae;g__Phytophthora;s__Phytophthora_fluvialis
EF452456.1,k__Eukaryota;p__Ascomycota;c__dothideomyceta;o__Pleosporales;f__Pleosporaceae;g__Pyrenophora;s__Pyrenophora_bromi
HQ696658.1,k__Eukaryota;p__Ascomycota;c__sordariomyceta;o__Helotiales;f__Tricladiaceae;g__Spirosphaera;s__Spirosphaera_floriformis
HQ643711.1,k__Eukaryota;p__Oomycota;c__Stramenopiles;o__Pythiales;f__Pythiaceae;g__Globisporangium;s__Globisporangium_nunn
KM248770.1,k__Eukaryota;p__Ascomycota;c__saccharomyceta;o__Orbiliales;f__Orbiliaceae;g__Orbilia;s__Orbilia_scolecospora
